"ChEMBL ID";"Assay Type";"Description";"Organism";"Compounds";"Activities";"BAO Format ID";"BAO Format";"Confidence Score";"Confidence Label";"Strain";"Source";"Tax ID";"Tissue ChEMBL ID";"Tissue Name";"Cell Type";"Subcellular Fraction";"Document ChEMBL ID";"PubMed ID";"DOI";"Year";"Journal";"Volume";"First Page";"Last Page";"Assay Parameters";"Assay Classification L1";"Assay Classification L2";"Assay Classification L3";"Variant Sequence Accession";"Variant Sequence Mutation"
"CHEMBL4810226";"A";"Inhibition of human angiotensin 2, AT1 at 0.1 to 1 uM";"Homo sapiens";"1";"1";"BAO_0000357";"single protein format";"9";"9 - Direct single protein target assigned";"";"Scientific Literature";"9606";"";"";"";"";"CHEMBL4808209";"34269576";"10.1021/acs.jmedchem.1c00713";"2021";"J Med Chem";"64";"10666";"10679";"";"";"";"";"";""
"CHEMBL5135731";"F";"Antiproliferative activity against mouse BaF3 cells harboring TEL-FGFR3 assessed as cell growth inhibition by CellTiter-Glo assay";"Mus musculus";"27";"27";"BAO_0000219";"cell-based format";"1";"1 - Target assigned is non-molecular";"";"Scientific Literature";"10090";"";"";"BaF3";"";"CHEMBL5131515";"35436119";"10.1021/acs.jmedchem.1c01776";"2022";"J Med Chem";"65";"6017";"6038";"";"";"";"";"";""
"CHEMBL4810190";"A";"Inhibition of adenosine A1 receptor (unknown origin) at 0.1 to 1 uM";"Homo sapiens";"1";"1";"BAO_0000357";"single protein format";"9";"9 - Direct single protein target assigned";"";"Scientific Literature";"9606";"";"";"";"";"CHEMBL4808209";"34269576";"10.1021/acs.jmedchem.1c00713";"2021";"J Med Chem";"64";"10666";"10679";"";"";"";"";"";""
"CHEMBL4810168";"A";"Inhibition of CYP2B6 in human liver microsomes using bupropion as substrate substrate in presence of NADPH by LC-MS/MS analysis";"Homo sapiens";"1";"1";"BAO_0000251";"microsome format";"9";"9 - Direct single protein target assigned";"";"Scientific Literature";"9606";"CHEMBL3559723";"Liver";"";"Microsomes";"CHEMBL4808209";"34269576";"10.1021/acs.jmedchem.1c00713";"2021";"J Med Chem";"64";"10666";"10679";"";"";"";"";"";""
"CHEMBL4810258";"A";"AUC in Beagle dog at 2 mg/kg, po measured after 24 hrs";"Canis lupus familiaris";"1";"1";"BAO_0000218";"organism-based format";"0";"0 - Default value - Target unknown or has yet to be assigned";"Beagle";"Scientific Literature";"9615";"";"";"";"";"CHEMBL4808209";"34269576";"10.1021/acs.jmedchem.1c00713";"2021";"J Med Chem";"64";"10666";"10679";"";"";"";"";"";""
"CHEMBL4810171";"A";"Inhibition of CYP2C19 in human liver microsomes using s-mephenytoin as substrate substrate in presence of NADPH by LC-MS/MS analysis";"Homo sapiens";"2";"2";"BAO_0000251";"microsome format";"9";"9 - Direct single protein target assigned";"";"Scientific Literature";"9606";"CHEMBL3559723";"Liver";"";"Microsomes";"CHEMBL4808209";"34269576";"10.1021/acs.jmedchem.1c00713";"2021";"J Med Chem";"64";"10666";"10679";"";"";"";"";"";""
"CHEMBL4810151";"A";"Half life in Sprague-Dawley rat at 2 mg/kg, po or 1 mg/kg, iv administered as cassette dose measured after 24 hrs";"Rattus norvegicus";"20";"20";"BAO_0000218";"organism-based format";"0";"0 - Default value - Target unknown or has yet to be assigned";"Sprague-Dawley";"Scientific Literature";"10116";"";"";"";"";"CHEMBL4808209";"34269576";"10.1021/acs.jmedchem.1c00713";"2021";"J Med Chem";"64";"10666";"10679";"";"";"";"";"";""
"CHEMBL4810152";"A";"AUC in Sprague-Dawley rat at 2 mg/kg, po or 1 mg/kg, iv administered as cassette dose measured after 24 hrs";"Rattus norvegicus";"18";"18";"BAO_0000218";"organism-based format";"0";"0 - Default value - Target unknown or has yet to be assigned";"Sprague-Dawley";"Scientific Literature";"10116";"";"";"";"";"CHEMBL4808209";"34269576";"10.1021/acs.jmedchem.1c00713";"2021";"J Med Chem";"64";"10666";"10679";"";"";"";"";"";""
"CHEMBL4810215";"A";"Inhibition of calcium channel, Type L (unknown origin) at 0.1 to 1 uM";"Homo sapiens";"1";"1";"BAO_0000224";"protein format";"5";"5 - Multiple direct protein targets may be assigned";"";"Scientific Literature";"9606";"";"";"";"";"CHEMBL4808209";"34269576";"10.1021/acs.jmedchem.1c00713";"2021";"J Med Chem";"64";"10666";"10679";"";"";"";"";"";""
"CHEMBL4810211";"A";"Inhibition of human delta opioid receptor at 0.1 to 1 uM";"Homo sapiens";"1";"1";"BAO_0000357";"single protein format";"9";"9 - Direct single protein target assigned";"";"Scientific Literature";"9606";"";"";"";"";"CHEMBL4808209";"34269576";"10.1021/acs.jmedchem.1c00713";"2021";"J Med Chem";"64";"10666";"10679";"";"";"";"";"";""
"CHEMBL4810203";"A";"Inhibition of histamine H3 receptor (unknown origin) at 0.1 to 1 uM";"Homo sapiens";"1";"1";"BAO_0000357";"single protein format";"9";"9 - Direct single protein target assigned";"";"Scientific Literature";"9606";"";"";"";"";"CHEMBL4808209";"34269576";"10.1021/acs.jmedchem.1c00713";"2021";"J Med Chem";"64";"10666";"10679";"";"";"";"";"";""
"CHEMBL4838112";"B";"Inhibition of FGFR2 (unknown origin)";"Homo sapiens";"4";"4";"BAO_0000357";"single protein format";"9";"9 - Direct single protein target assigned";"";"Scientific Literature";"9606";"";"";"";"";"CHEMBL4837205";"33940465";"10.1016/j.ejmech.2021.113499";"2021";"Eur J Med Chem";"220";"113499";"113499";"";"";"";"";"";""
"CHEMBL4810158";"A";"Oral bioavailability in cynomolgus monkey at 2 mg/kg administered as cassette dose measured after 24 hrs";"Macaca fascicularis";"13";"13";"BAO_0000218";"organism-based format";"0";"0 - Default value - Target unknown or has yet to be assigned";"";"Scientific Literature";"9541";"";"";"";"";"CHEMBL4808209";"34269576";"10.1021/acs.jmedchem.1c00713";"2021";"J Med Chem";"64";"10666";"10679";"";"";"";"";"";""
"CHEMBL4810170";"A";"Inhibition of CYP2C9 in human liver microsomes using diclofenac as substrate substrate in presence of NADPH by LC-MS/MS analysis";"Homo sapiens";"2";"2";"BAO_0000251";"microsome format";"9";"9 - Direct single protein target assigned";"";"Scientific Literature";"9606";"CHEMBL3559723";"Liver";"";"Microsomes";"CHEMBL4808209";"34269576";"10.1021/acs.jmedchem.1c00713";"2021";"J Med Chem";"64";"10666";"10679";"";"";"";"";"";""
"CHEMBL4810216";"A";"Inhibition of calcium channel, Type N (unknown origin) at 0.1 to 1 uM";"Homo sapiens";"1";"1";"BAO_0000019";"assay format";"0";"0 - Default value - Target unknown or has yet to be assigned";"";"Scientific Literature";"9606";"";"";"";"";"CHEMBL4808209";"34269576";"10.1021/acs.jmedchem.1c00713";"2021";"J Med Chem";"64";"10666";"10679";"";"";"";"";"";""
"CHEMBL4810161";"A";"AUC in cynomolgus monkey at 2 mg/kg, po or 0.5 mg/kg, iv administered as cassette dose measured after 24 hrs";"Macaca fascicularis";"7";"7";"BAO_0000218";"organism-based format";"0";"0 - Default value - Target unknown or has yet to be assigned";"";"Scientific Literature";"9541";"";"";"";"";"CHEMBL4808209";"34269576";"10.1021/acs.jmedchem.1c00713";"2021";"J Med Chem";"64";"10666";"10679";"";"";"";"";"";""
"CHEMBL4810166";"B";"Inhibition of human ERG at 5 uM by patch clamp method relative to control";"Homo sapiens";"2";"2";"BAO_0000019";"assay format";"9";"9 - Direct single protein target assigned";"";"Scientific Literature";"9606";"";"";"";"";"CHEMBL4808209";"34269576";"10.1021/acs.jmedchem.1c00713";"2021";"J Med Chem";"64";"10666";"10679";"";"";"";"";"";""
"CHEMBL4810220";"B";"Inhibition of human ERG at 0.1 to 1 uM";"Homo sapiens";"1";"1";"BAO_0000357";"single protein format";"9";"9 - Direct single protein target assigned";"";"Scientific Literature";"9606";"";"";"";"";"CHEMBL4808209";"34269576";"10.1021/acs.jmedchem.1c00713";"2021";"J Med Chem";"64";"10666";"10679";"";"";"";"";"";""
"CHEMBL4810225";"A";"Inhibition of human thromboxane A2 at 0.1 to 1 uM";"Homo sapiens";"1";"1";"BAO_0000357";"single protein format";"9";"9 - Direct single protein target assigned";"";"Scientific Literature";"9606";"";"";"";"";"CHEMBL4808209";"34269576";"10.1021/acs.jmedchem.1c00713";"2021";"J Med Chem";"64";"10666";"10679";"";"";"";"";"";""
"CHEMBL4810235";"A";"Inhibition of NMDA receptor (unknown origin) at 0.1 to 1 uM";"Homo sapiens";"1";"1";"BAO_0000223";"protein complex format";"5";"5 - Multiple direct protein targets may be assigned";"";"Scientific Literature";"9606";"";"";"";"";"CHEMBL4808209";"34269576";"10.1021/acs.jmedchem.1c00713";"2021";"J Med Chem";"64";"10666";"10679";"";"";"";"";"";""
"CHEMBL5100345";"B";"Inhibition of N-terminal GST tagged recombinant human FGFR2 (400 to 821 residues) expressed in an Sf9 infected baculovirus expression system using biotin-EQEDEPEGDYFEWLE-amide as substrate preincubated for 5 to 10 mins followed by substrate addition and measured after 1 hr by HTRF assay";"Homo sapiens";"4";"4";"BAO_0000219";"cell-based format";"9";"9 - Direct single protein target assigned";"";"Scientific Literature";"9606";"";"";"Sf9";"";"CHEMBL5096240";"36356320";"10.1021/acs.jmedchem.2c01366";"2022";"J Med Chem";"65";"15433";"15442";"";"";"";"";"";""
"CHEMBL4810250";"A";"Inhibition of acetylcholinesterase (unknown origin) at 0.1 to 1 uM";"Homo sapiens";"1";"1";"BAO_0000357";"single protein format";"9";"9 - Direct single protein target assigned";"";"Scientific Literature";"9606";"";"";"";"";"CHEMBL4808209";"34269576";"10.1021/acs.jmedchem.1c00713";"2021";"J Med Chem";"64";"10666";"10679";"";"";"";"";"";""
"CHEMBL4810185";"F";"Antitumor activity against human KATO III stomach cancer cell line xenografted in po dosed SCID mouse assessed as tumor growth inhibition administered once daily for 10 days";"Homo sapiens";"1";"1";"BAO_0000218";"organism-based format";"0";"0 - Default value - Target unknown or has yet to be assigned";"";"Scientific Literature";"9606";"";"";"KATO III stomach cancer cell line";"";"CHEMBL4808209";"34269576";"10.1021/acs.jmedchem.1c00713";"2021";"J Med Chem";"64";"10666";"10679";"";"";"";"";"";""
"CHEMBL4810222";"A";"Inhibition of NOS (unknown origin) at 0.1 to 1 uM";"Homo sapiens";"1";"1";"BAO_0000357";"single protein format";"9";"9 - Direct single protein target assigned";"";"Scientific Literature";"9606";"";"";"";"";"CHEMBL4808209";"34269576";"10.1021/acs.jmedchem.1c00713";"2021";"J Med Chem";"64";"10666";"10679";"";"";"";"";"";""
"CHEMBL4810208";"A";"Inhibition of human muscarinic M5 receptor at 0.1 to 1 uM";"Homo sapiens";"1";"1";"BAO_0000357";"single protein format";"9";"9 - Direct single protein target assigned";"";"Scientific Literature";"9606";"";"";"";"";"CHEMBL4808209";"34269576";"10.1021/acs.jmedchem.1c00713";"2021";"J Med Chem";"64";"10666";"10679";"";"";"";"";"";""
"CHEMBL4810219";"A";"Inhibition of calcium activated potassium channel (unknown origin) at 0.1 to 1 uM";"Homo sapiens";"1";"1";"BAO_0000019";"assay format";"0";"0 - Default value - Target unknown or has yet to be assigned";"";"Scientific Literature";"9606";"";"";"";"";"CHEMBL4808209";"34269576";"10.1021/acs.jmedchem.1c00713";"2021";"J Med Chem";"64";"10666";"10679";"";"";"";"";"";""
"CHEMBL4810249";"A";"Inhibition of human NPY2 at 0.1 to 1 uM";"Homo sapiens";"1";"1";"BAO_0000357";"single protein format";"9";"9 - Direct single protein target assigned";"";"Scientific Literature";"9606";"";"";"";"";"CHEMBL4808209";"34269576";"10.1021/acs.jmedchem.1c00713";"2021";"J Med Chem";"64";"10666";"10679";"";"";"";"";"";""
"CHEMBL4810252";"A";"Inhibition of human PDE5A1 at 0.1 to 1 uM";"Homo sapiens";"1";"1";"BAO_0000357";"single protein format";"9";"9 - Direct single protein target assigned";"";"Scientific Literature";"9606";"";"";"";"";"CHEMBL4808209";"34269576";"10.1021/acs.jmedchem.1c00713";"2021";"J Med Chem";"64";"10666";"10679";"";"";"";"";"";""
"CHEMBL4810256";"A";"Volume of distribution in Beagle dog at 1 mg/kg, iv measured after 24 hrs";"Canis lupus familiaris";"1";"1";"BAO_0000218";"organism-based format";"0";"0 - Default value - Target unknown or has yet to be assigned";"Beagle";"Scientific Literature";"9615";"";"";"";"";"CHEMBL4808209";"34269576";"10.1021/acs.jmedchem.1c00713";"2021";"J Med Chem";"64";"10666";"10679";"";"";"";"";"";""
"CHEMBL4810198";"A";"Inhibition of human dopamine D1 receptor at 0.1 to 1 uM";"Homo sapiens";"1";"1";"BAO_0000357";"single protein format";"9";"9 - Direct single protein target assigned";"";"Scientific Literature";"9606";"";"";"";"";"CHEMBL4808209";"34269576";"10.1021/acs.jmedchem.1c00713";"2021";"J Med Chem";"64";"10666";"10679";"";"";"";"";"";""
"CHEMBL4810217";"A";"Inhibition of GABA chloride/TBOB site (unknown origin) at 0.1 to 1 uM";"Homo sapiens";"1";"1";"BAO_0000019";"assay format";"0";"0 - Default value - Target unknown or has yet to be assigned";"";"Scientific Literature";"9606";"";"";"";"";"CHEMBL4808209";"34269576";"10.1021/acs.jmedchem.1c00713";"2021";"J Med Chem";"64";"10666";"10679";"";"";"";"";"";""
"CHEMBL4810228";"A";"Inhibition of human dopamine D4.4 receptor at 0.1 to 1 uM";"Homo sapiens";"1";"1";"BAO_0000357";"single protein format";"9";"9 - Direct single protein target assigned";"";"Scientific Literature";"9606";"";"";"";"";"CHEMBL4808209";"34269576";"10.1021/acs.jmedchem.1c00713";"2021";"J Med Chem";"64";"10666";"10679";"";"";"";"";"";""
"CHEMBL4810227";"A";"Inhibition of BK2 (unknown origin) at 0.1 to 1 uM";"Homo sapiens";"1";"1";"BAO_0000357";"single protein format";"9";"9 - Direct single protein target assigned";"";"Scientific Literature";"9606";"";"";"";"";"CHEMBL4808209";"34269576";"10.1021/acs.jmedchem.1c00713";"2021";"J Med Chem";"64";"10666";"10679";"";"";"";"";"";""
"CHEMBL4810200";"A";"Inhibition of dopamine D3 receptor (unknown origin) at 0.1 to 1 uM";"Homo sapiens";"1";"1";"BAO_0000357";"single protein format";"9";"9 - Direct single protein target assigned";"";"Scientific Literature";"9606";"";"";"";"";"CHEMBL4808209";"34269576";"10.1021/acs.jmedchem.1c00713";"2021";"J Med Chem";"64";"10666";"10679";"";"";"";"";"";""
"CHEMBL5135734";"F";"Antiproliferative activity against mouse BaF3 cells harboring TEL-FGFR4 N535K mutant assessed as cell growth inhibition by CellTiter-Glo assay";"Mus musculus";"9";"9";"BAO_0000219";"cell-based format";"1";"1 - Target assigned is non-molecular";"";"Scientific Literature";"10090";"";"";"BaF3";"";"CHEMBL5131515";"35436119";"10.1021/acs.jmedchem.1c01776";"2022";"J Med Chem";"65";"6017";"6038";"";"";"";"";"";""
"CHEMBL4810210";"A";"Inhibition of norepinephrine transporter (unknown origin) at 0.1 to 1 uM";"Homo sapiens";"1";"1";"BAO_0000357";"single protein format";"9";"9 - Direct single protein target assigned";"";"Scientific Literature";"9606";"";"";"";"";"CHEMBL4808209";"34269576";"10.1021/acs.jmedchem.1c00713";"2021";"J Med Chem";"64";"10666";"10679";"";"";"";"";"";""
"CHEMBL4810241";"A";"Inhibition of 5HT3 receptor (unknown origin) at 0.1 to 1 uM";"Homo sapiens";"1";"1";"BAO_0000357";"single protein format";"9";"9 - Direct single protein target assigned";"";"Scientific Literature";"9606";"";"";"";"";"CHEMBL4808209";"34269576";"10.1021/acs.jmedchem.1c00713";"2021";"J Med Chem";"64";"10666";"10679";"";"";"";"";"";""
"CHEMBL4810259";"A";"Oral bioavailability in Beagle dog at 2 mg/kg measured after 24 hrs";"Canis lupus familiaris";"1";"1";"BAO_0000218";"organism-based format";"0";"0 - Default value - Target unknown or has yet to be assigned";"Beagle";"Scientific Literature";"9615";"";"";"";"";"CHEMBL4808209";"34269576";"10.1021/acs.jmedchem.1c00713";"2021";"J Med Chem";"64";"10666";"10679";"";"";"";"";"";""
"CHEMBL4810153";"A";"Oral bioavailability in Sprague-Dawley rat at 2 mg/kg administered as cassette dose measured after 24 hrs";"Rattus norvegicus";"17";"17";"BAO_0000218";"organism-based format";"0";"0 - Default value - Target unknown or has yet to be assigned";"Sprague-Dawley";"Scientific Literature";"10116";"";"";"";"";"CHEMBL4808209";"34269576";"10.1021/acs.jmedchem.1c00713";"2021";"J Med Chem";"64";"10666";"10679";"";"";"";"";"";""
"CHEMBL4810159";"A";"Volume of distribution at steady state in cynomolgus monkey at 2 mg/kg, po or 0.5 mg/kg, iv administered as cassette dose measured after 24 hrs";"Macaca fascicularis";"7";"7";"BAO_0000218";"organism-based format";"0";"0 - Default value - Target unknown or has yet to be assigned";"";"Scientific Literature";"9541";"";"";"";"";"CHEMBL4808209";"34269576";"10.1021/acs.jmedchem.1c00713";"2021";"J Med Chem";"64";"10666";"10679";"";"";"";"";"";""
"CHEMBL4810160";"A";"Half life in cynomolgus monkey at 2 mg/kg, po or 0.5 mg/kg, iv administered as cassette dose measured after 24 hrs";"Macaca fascicularis";"7";"7";"BAO_0000218";"organism-based format";"0";"0 - Default value - Target unknown or has yet to be assigned";"";"Scientific Literature";"9541";"";"";"";"";"CHEMBL4808209";"34269576";"10.1021/acs.jmedchem.1c00713";"2021";"J Med Chem";"64";"10666";"10679";"";"";"";"";"";""
"CHEMBL4810255";"A";"Clearance in Beagle dog at 1 mg/kg, iv measured after 24 hrs relative to hepatic blood flow";"Canis lupus familiaris";"1";"1";"BAO_0000218";"organism-based format";"0";"0 - Default value - Target unknown or has yet to be assigned";"Beagle";"Scientific Literature";"9615";"";"";"";"";"CHEMBL4808209";"34269576";"10.1021/acs.jmedchem.1c00713";"2021";"J Med Chem";"64";"10666";"10679";"";"";"";"";"";""
"CHEMBL5135720";"B";"Inhibition of wild-type FGFR4 (unknown origin) by radiometric kinase activity assay";"Homo sapiens";"9";"9";"BAO_0000357";"single protein format";"9";"9 - Direct single protein target assigned";"";"Scientific Literature";"9606";"";"";"";"";"CHEMBL5131515";"35436119";"10.1021/acs.jmedchem.1c01776";"2022";"J Med Chem";"65";"6017";"6038";"";"";"";"";"";""
"CHEMBL5135717";"B";"Inhibition of wild-type FGFR1 (unknown origin) by radiometric kinase activity assay";"Homo sapiens";"9";"9";"BAO_0000357";"single protein format";"9";"9 - Direct single protein target assigned";"";"Scientific Literature";"9606";"";"";"";"";"CHEMBL5131515";"35436119";"10.1021/acs.jmedchem.1c01776";"2022";"J Med Chem";"65";"6017";"6038";"";"";"";"";"";""
"CHEMBL4810212";"A";"Inhibition of human mu opioid receptor at 0.1 to 1 uM";"Homo sapiens";"1";"1";"BAO_0000357";"single protein format";"9";"9 - Direct single protein target assigned";"";"Scientific Literature";"9606";"";"";"";"";"CHEMBL4808209";"34269576";"10.1021/acs.jmedchem.1c00713";"2021";"J Med Chem";"64";"10666";"10679";"";"";"";"";"";""
"CHEMBL4810231";"A";"Inhibition of GABA-B receptor (unknown origin) at 0.1 to 1 uM";"Homo sapiens";"1";"1";"BAO_0000223";"protein complex format";"7";"7 - Direct protein complex subunits assigned";"";"Scientific Literature";"9606";"";"";"";"";"CHEMBL4808209";"34269576";"10.1021/acs.jmedchem.1c00713";"2021";"J Med Chem";"64";"10666";"10679";"";"";"";"";"";""
"CHEMBL4810144";"P";"Solubility of the compound in FaSSIF by HPLC analysis";"";"23";"23";"BAO_0000100";"small-molecule physicochemical format";"0";"0 - Default value - Target unknown or has yet to be assigned";"";"Scientific Literature";"";"";"";"";"";"CHEMBL4808209";"34269576";"10.1021/acs.jmedchem.1c00713";"2021";"J Med Chem";"64";"10666";"10679";"";"";"";"";"";""
"CHEMBL4810204";"A";"Inhibition of human muscarinic M1 receptor at 0.1 to 1 uM";"Homo sapiens";"1";"1";"BAO_0000357";"single protein format";"9";"9 - Direct single protein target assigned";"";"Scientific Literature";"9606";"";"";"";"";"CHEMBL4808209";"34269576";"10.1021/acs.jmedchem.1c00713";"2021";"J Med Chem";"64";"10666";"10679";"";"";"";"";"";""
"CHEMBL4810221";"A";"Inhibition of sodium channel site 2 (unknown origin) at 0.1 to 1 uM";"Homo sapiens";"1";"1";"BAO_0000019";"assay format";"0";"0 - Default value - Target unknown or has yet to be assigned";"";"Scientific Literature";"9606";"";"";"";"";"CHEMBL4808209";"34269576";"10.1021/acs.jmedchem.1c00713";"2021";"J Med Chem";"64";"10666";"10679";"";"";"";"";"";""
"CHEMBL4810136";"A";"Clearance in cynomolgus monkey at 2 mg/kg, po or 0.5 mg/kg, iv administered as cassette dose measured after 24 hrs relative to hepatic blood flow";"Macaca fascicularis";"7";"7";"BAO_0000218";"organism-based format";"0";"0 - Default value - Target unknown or has yet to be assigned";"";"Scientific Literature";"9541";"";"";"";"";"CHEMBL4808209";"34269576";"10.1021/acs.jmedchem.1c00713";"2021";"J Med Chem";"64";"10666";"10679";"";"";"";"";"";""
"CHEMBL4810237";"A";"Inhibition of human 5HT1A receptor at 0.1 to 1 uM";"Homo sapiens";"1";"1";"BAO_0000357";"single protein format";"9";"9 - Direct single protein target assigned";"";"Scientific Literature";"9606";"";"";"";"";"CHEMBL4808209";"34269576";"10.1021/acs.jmedchem.1c00713";"2021";"J Med Chem";"64";"10666";"10679";"";"";"";"";"";""
"CHEMBL4810201";"A";"Inhibition of histamine H1 receptor (unknown origin) at 0.1 to 1 uM";"Homo sapiens";"1";"1";"BAO_0000357";"single protein format";"9";"9 - Direct single protein target assigned";"";"Scientific Literature";"9606";"";"";"";"";"CHEMBL4808209";"34269576";"10.1021/acs.jmedchem.1c00713";"2021";"J Med Chem";"64";"10666";"10679";"";"";"";"";"";""
"CHEMBL4810218";"A";"Inhibition of ATP-sensitive potassium channel (unknown origin) at 0.1 to 1 uM";"Homo sapiens";"1";"1";"BAO_0000019";"assay format";"0";"0 - Default value - Target unknown or has yet to be assigned";"";"Scientific Literature";"9606";"";"";"";"";"CHEMBL4808209";"34269576";"10.1021/acs.jmedchem.1c00713";"2021";"J Med Chem";"64";"10666";"10679";"";"";"";"";"";""
"CHEMBL4810191";"A";"Inhibition of human adenosine A2A receptor at 0.1 to 1 uM";"Homo sapiens";"1";"1";"BAO_0000357";"single protein format";"9";"9 - Direct single protein target assigned";"";"Scientific Literature";"9606";"";"";"";"";"CHEMBL4808209";"34269576";"10.1021/acs.jmedchem.1c00713";"2021";"J Med Chem";"64";"10666";"10679";"";"";"";"";"";""
"CHEMBL4810149";"A";"Clearance in Sprague-Dawley rat at 2 mg/kg, po or 1 mg/kg, iv administered as cassette dose measured after 24 hrs relative to hepatic blood flow";"Rattus norvegicus";"20";"20";"BAO_0000218";"organism-based format";"0";"0 - Default value - Target unknown or has yet to be assigned";"Sprague-Dawley";"Scientific Literature";"10116";"";"";"";"";"CHEMBL4808209";"34269576";"10.1021/acs.jmedchem.1c00713";"2021";"J Med Chem";"64";"10666";"10679";"";"";"";"";"";""
"CHEMBL4810167";"A";"Inhibition of CYP1A2 in human liver microsomes using 7-ethoxyresorufin as substrate substrate in presence of NADPH by LC-MS/MS analysis";"Homo sapiens";"2";"2";"BAO_0000251";"microsome format";"9";"9 - Direct single protein target assigned";"";"Scientific Literature";"9606";"CHEMBL3559723";"Liver";"";"Microsomes";"CHEMBL4808209";"34269576";"10.1021/acs.jmedchem.1c00713";"2021";"J Med Chem";"64";"10666";"10679";"";"";"";"";"";""
"CHEMBL4810202";"A";"Inhibition of histamine H2 receptor (unknown origin) at 0.1 to 1 uM";"Homo sapiens";"1";"1";"BAO_0000357";"single protein format";"9";"9 - Direct single protein target assigned";"";"Scientific Literature";"9606";"";"";"";"";"CHEMBL4808209";"34269576";"10.1021/acs.jmedchem.1c00713";"2021";"J Med Chem";"64";"10666";"10679";"";"";"";"";"";""
"CHEMBL5143811";"B";"Inhibition of human recombinant FGFR2 by ELISA method";"Homo sapiens";"1";"1";"BAO_0000357";"single protein format";"9";"9 - Direct single protein target assigned";"";"Scientific Literature";"9606";"";"";"";"";"CHEMBL5143507";"34624192";"10.1021/acs.jmedchem.1c00963";"2022";"J Med Chem";"65";"1047";"1131";"";"";"";"";"";""
"CHEMBL5096273";"B";"Inhibition of FGFR4 (unknown origin)";"Homo sapiens";"3";"4";"BAO_0000357";"single protein format";"9";"9 - Direct single protein target assigned";"";"Scientific Literature";"9606";"";"";"";"";"CHEMBL5096142";"33199155";"10.1016/j.ejmech.2020.112990";"2021";"Eur J Med Chem";"210";"112990";"112990";"";"";"";"";"";""
"CHEMBL4810243";"A";"Inhibition of human 5HT5A receptor at 0.1 to 1 uM";"Homo sapiens";"1";"1";"BAO_0000357";"single protein format";"9";"9 - Direct single protein target assigned";"";"Scientific Literature";"9606";"";"";"";"";"CHEMBL4808209";"34269576";"10.1021/acs.jmedchem.1c00713";"2021";"J Med Chem";"64";"10666";"10679";"";"";"";"";"";""
"CHEMBL4810244";"A";"Inhibition of human 5HT6 receptor at 0.1 to 1 uM";"Homo sapiens";"1";"1";"BAO_0000357";"single protein format";"9";"9 - Direct single protein target assigned";"";"Scientific Literature";"9606";"";"";"";"";"CHEMBL4808209";"34269576";"10.1021/acs.jmedchem.1c00713";"2021";"J Med Chem";"64";"10666";"10679";"";"";"";"";"";""
"CHEMBL4810183";"A";"Protein binding in human plasma assessed as free fraction measured after 2 hrs by LC-MS/MS analysis";"Homo sapiens";"1";"1";"BAO_0000366";"cell-free format";"0";"0 - Default value - Target unknown or has yet to be assigned";"";"Scientific Literature";"9606";"CHEMBL3559721";"Plasma";"";"";"CHEMBL4808209";"34269576";"10.1021/acs.jmedchem.1c00713";"2021";"J Med Chem";"64";"10666";"10679";"";"";"";"";"";""
"CHEMBL4810223";"A";"Inhibition of LTB4 (unknown origin) at 0.1 to 1 uM";"Homo sapiens";"1";"1";"BAO_0000357";"single protein format";"9";"9 - Direct single protein target assigned";"";"Scientific Literature";"9606";"";"";"";"";"CHEMBL4808209";"34269576";"10.1021/acs.jmedchem.1c00713";"2021";"J Med Chem";"64";"10666";"10679";"";"";"";"";"";""
"CHEMBL4810257";"A";"Half life in Beagle dog at 1 mg/kg, iv measured after 24 hrs";"Canis lupus familiaris";"1";"1";"BAO_0000218";"organism-based format";"0";"0 - Default value - Target unknown or has yet to be assigned";"Beagle";"Scientific Literature";"9615";"";"";"";"";"CHEMBL4808209";"34269576";"10.1021/acs.jmedchem.1c00713";"2021";"J Med Chem";"64";"10666";"10679";"";"";"";"";"";""
"CHEMBL4810213";"A";"Inhibition of serotonin transporter (unknown origin) at 0.1 to 1 uM";"Homo sapiens";"1";"1";"BAO_0000357";"single protein format";"9";"9 - Direct single protein target assigned";"";"Scientific Literature";"9606";"";"";"";"";"CHEMBL4808209";"34269576";"10.1021/acs.jmedchem.1c00713";"2021";"J Med Chem";"64";"10666";"10679";"";"";"";"";"";""
"CHEMBL4810169";"A";"Inhibition of CYP2C8 in human liver microsomes using amodiaquine as substrate substrate in presence of NADPH by LC-MS/MS analysis";"Homo sapiens";"1";"1";"BAO_0000251";"microsome format";"9";"9 - Direct single protein target assigned";"";"Scientific Literature";"9606";"CHEMBL3559723";"Liver";"";"Microsomes";"CHEMBL4808209";"34269576";"10.1021/acs.jmedchem.1c00713";"2021";"J Med Chem";"64";"10666";"10679";"";"";"";"";"";""
"CHEMBL4810184";"F";"In vivo inhibition of FGFR2 in po dosed SCID mouse xenografted with human KATO III stomach cancer cell line administered as single dose and measured after 4 hrs";"Mus musculus";"1";"1";"BAO_0000218";"organism-based format";"9";"9 - Direct single protein target assigned";"";"Scientific Literature";"10090";"";"";"";"";"CHEMBL4808209";"34269576";"10.1021/acs.jmedchem.1c00713";"2021";"J Med Chem";"64";"10666";"10679";"";"ANTINEOPLASTIC AND IMMUNOMODULATING AGENTS | ANTINEOPLASTIC AND IMMUNOMODULATING AGENTS";"Neoplasm Oncology Models | Xenograft Oncology Models";"Neoplasms | Xenograft Models of Anti-Tumor Assays";"";""
"CHEMBL5143810";"B";"Inhibition of human recombinant FGFR1 by ELISA method";"Homo sapiens";"1";"1";"BAO_0000357";"single protein format";"9";"9 - Direct single protein target assigned";"";"Scientific Literature";"9606";"";"";"";"";"CHEMBL5143507";"34624192";"10.1021/acs.jmedchem.1c00963";"2022";"J Med Chem";"65";"1047";"1131";"";"";"";"";"";""
"CHEMBL5100323";"B";"Inhibition of N-terminal His-Avi tagged recombinant human FGFR3 (447 to 761 residues) expressed in an Sf9 infected baculovirus expression system using biotin-EQEDEPEGDYFEWLE-amide as substrate preincubated for 5 to 10 mins followed by substrate addition and measured after 1 hr by HTRF assay";"Homo sapiens";"30";"30";"BAO_0000219";"cell-based format";"9";"9 - Direct single protein target assigned";"";"Scientific Literature";"9606";"";"";"Sf9";"";"CHEMBL5096240";"36356320";"10.1021/acs.jmedchem.2c01366";"2022";"J Med Chem";"65";"15433";"15442";"";"";"";"";"";""
"CHEMBL5100326";"B";"Inhibition of recombinant human FGFR3 V555M mutant using biotin-EQEDEPEGDYFEWLE-amide as substrate preincubated for 5 to 10 mins followed by substrate addition and measured after 1 hr by HTRF assay";"Homo sapiens";"7";"7";"BAO_0000357";"single protein format";"9";"9 - Direct single protein target assigned";"";"Scientific Literature";"9606";"";"";"";"";"CHEMBL5096240";"36356320";"10.1021/acs.jmedchem.2c01366";"2022";"J Med Chem";"65";"15433";"15442";"";"";"";"";"P22607";"V555M"
"CHEMBL5096306";"B";"Inhibition of FGFR2 (unknown origin)";"Homo sapiens";"3";"3";"BAO_0000357";"single protein format";"9";"9 - Direct single protein target assigned";"";"Scientific Literature";"9606";"";"";"";"";"CHEMBL5096142";"33199155";"10.1016/j.ejmech.2020.112990";"2021";"Eur J Med Chem";"210";"112990";"112990";"";"";"";"";"";""
"CHEMBL4810233";"A";"Inhibition of Glutamate kainate site receptor (unknown origin) at 0.1 to 1 uM";"Homo sapiens";"1";"1";"BAO_0000019";"assay format";"0";"0 - Default value - Target unknown or has yet to be assigned";"";"Scientific Literature";"9606";"";"";"";"";"CHEMBL4808209";"34269576";"10.1021/acs.jmedchem.1c00713";"2021";"J Med Chem";"64";"10666";"10679";"";"";"";"";"";""
"CHEMBL4810242";"A";"Inhibition of 5HT4 receptor (unknown origin) at 0.1 to 1 uM";"Homo sapiens";"1";"1";"BAO_0000357";"single protein format";"9";"9 - Direct single protein target assigned";"";"Scientific Literature";"9606";"";"";"";"";"CHEMBL4808209";"34269576";"10.1021/acs.jmedchem.1c00713";"2021";"J Med Chem";"64";"10666";"10679";"";"";"";"";"";""
"CHEMBL4810236";"A";"Inhibition of Glutamate receptor ionotropic NMDA glycine,strychnine-sensitive site (unknown origin) at 0.1 to 1 uM";"Homo sapiens";"1";"1";"BAO_0000223";"protein complex format";"5";"5 - Multiple direct protein targets may be assigned";"";"Scientific Literature";"9606";"";"";"";"";"CHEMBL4808209";"34269576";"10.1021/acs.jmedchem.1c00713";"2021";"J Med Chem";"64";"10666";"10679";"";"";"";"";"";""
"CHEMBL4810143";"B";"Inhibition of phosphorylated FGFR2alpha in human KATO III stomach cancer cell line spiked in human whole blood incubated for 4 hrs by ELISA";"Homo sapiens";"29";"29";"BAO_0000221";"tissue-based format";"0";"0 - Default value - Target unknown or has yet to be assigned";"";"Scientific Literature";"9606";"";"";"KATO III stomach cancer cell line";"";"CHEMBL4808209";"34269576";"10.1021/acs.jmedchem.1c00713";"2021";"J Med Chem";"64";"10666";"10679";"";"";"";"";"";""
"CHEMBL4810196";"A";"Inhibition of human adrenergic beta 2 receptor at 0.1 to 1 uM";"Homo sapiens";"1";"1";"BAO_0000357";"single protein format";"9";"9 - Direct single protein target assigned";"";"Scientific Literature";"9606";"";"";"";"";"CHEMBL4808209";"34269576";"10.1021/acs.jmedchem.1c00713";"2021";"J Med Chem";"64";"10666";"10679";"";"";"";"";"";""
"CHEMBL5100346";"B";"Inhibition of recombinant human FGFR4 (460 to 802 residues) using biotin-EQEDEPEGDYFEWLE-amide as substrate preincubated for 5 to 10 mins followed by substrate addition and measured after 1 hr by HTRF assay";"Homo sapiens";"4";"4";"BAO_0000357";"single protein format";"9";"9 - Direct single protein target assigned";"";"Scientific Literature";"9606";"";"";"";"";"CHEMBL5096240";"36356320";"10.1021/acs.jmedchem.2c01366";"2022";"J Med Chem";"65";"15433";"15442";"";"";"";"";"";""
"CHEMBL4810194";"A";"Inhibition of human adrenergic alpha 2C receptor at 0.1 to 1 uM";"Homo sapiens";"1";"1";"BAO_0000357";"single protein format";"9";"9 - Direct single protein target assigned";"";"Scientific Literature";"9606";"";"";"";"";"CHEMBL4808209";"34269576";"10.1021/acs.jmedchem.1c00713";"2021";"J Med Chem";"64";"10666";"10679";"";"";"";"";"";""
"CHEMBL4810172";"A";"Inhibition of CYP2D6 in human liver microsomes using bufuralol as substrate substrate in presence of NADPH by LC-MS/MS analysis";"Homo sapiens";"2";"2";"BAO_0000251";"microsome format";"9";"9 - Direct single protein target assigned";"";"Scientific Literature";"9606";"CHEMBL3559723";"Liver";"";"Microsomes";"CHEMBL4808209";"34269576";"10.1021/acs.jmedchem.1c00713";"2021";"J Med Chem";"64";"10666";"10679";"";"";"";"";"";""
"CHEMBL4810188";"T";"Toxicity in SCID mouse xenografted with human KATO III stomach cancer cell line assessed as drug tolerance at 0.03 to 1 mg/kg, po administered once daily for 10 days";"Mus musculus";"1";"1";"BAO_0000218";"organism-based format";"0";"0 - Default value - Target unknown or has yet to be assigned";"";"Scientific Literature";"10090";"";"";"";"";"CHEMBL4808209";"34269576";"10.1021/acs.jmedchem.1c00713";"2021";"J Med Chem";"64";"10666";"10679";"";"";"";"";"";""
"CHEMBL4810234";"A";"Inhibition of Glutamate receptor (unknown origin) at 0.1 to 1 uM";"Homo sapiens";"1";"1";"BAO_0000223";"protein complex format";"5";"5 - Multiple direct protein targets may be assigned";"";"Scientific Literature";"9606";"";"";"";"";"CHEMBL4808209";"34269576";"10.1021/acs.jmedchem.1c00713";"2021";"J Med Chem";"64";"10666";"10679";"";"";"";"";"";""
"CHEMBL4810248";"A";"Inhibition of NK-1 (unknown origin) at 0.1 to 1 uM";"Homo sapiens";"1";"1";"BAO_0000357";"single protein format";"9";"9 - Direct single protein target assigned";"";"Scientific Literature";"9606";"";"";"";"";"CHEMBL4808209";"34269576";"10.1021/acs.jmedchem.1c00713";"2021";"J Med Chem";"64";"10666";"10679";"";"";"";"";"";""
"CHEMBL4810199";"A";"Inhibition of human dopamine D2S receptor at 0.1 to 1 uM";"Homo sapiens";"1";"1";"BAO_0000357";"single protein format";"9";"9 - Direct single protein target assigned";"";"Scientific Literature";"9606";"";"";"";"";"CHEMBL4808209";"34269576";"10.1021/acs.jmedchem.1c00713";"2021";"J Med Chem";"64";"10666";"10679";"";"";"";"";"";""
"CHEMBL4810209";"A";"Inhibition of neuronal nicotinic receptor (unknown origin) at 0.1 to 1 uM";"Homo sapiens";"1";"1";"BAO_0000223";"protein complex format";"5";"5 - Multiple direct protein targets may be assigned";"";"Scientific Literature";"9606";"";"";"";"";"CHEMBL4808209";"34269576";"10.1021/acs.jmedchem.1c00713";"2021";"J Med Chem";"64";"10666";"10679";"";"";"";"";"";""
"CHEMBL4810253";"A";"Inhibition of human PKA at 0.1 to 1 uM";"Homo sapiens";"1";"1";"BAO_0000019";"assay format";"0";"0 - Default value - Target unknown or has yet to be assigned";"";"Scientific Literature";"9606";"";"";"";"";"CHEMBL4808209";"34269576";"10.1021/acs.jmedchem.1c00713";"2021";"J Med Chem";"64";"10666";"10679";"";"";"";"";"";""
"CHEMBL4810224";"A";"Inhibition of LTD4 (unknown origin) at 0.1 to 1 uM";"Homo sapiens";"1";"1";"BAO_0000357";"single protein format";"9";"9 - Direct single protein target assigned";"";"Scientific Literature";"9606";"";"";"";"";"CHEMBL4808209";"34269576";"10.1021/acs.jmedchem.1c00713";"2021";"J Med Chem";"64";"10666";"10679";"";"";"";"";"";""
"CHEMBL4810232";"A";"Inhibition of Glutamate AMPA site receptor (unknown origin) at 0.1 to 1 uM";"Homo sapiens";"1";"1";"BAO_0000019";"assay format";"0";"0 - Default value - Target unknown or has yet to be assigned";"";"Scientific Literature";"9606";"";"";"";"";"CHEMBL4808209";"34269576";"10.1021/acs.jmedchem.1c00713";"2021";"J Med Chem";"64";"10666";"10679";"";"";"";"";"";""
"CHEMBL4838114";"B";"Inhibition of FGFR4 (unknown origin)";"Homo sapiens";"4";"4";"BAO_0000357";"single protein format";"9";"9 - Direct single protein target assigned";"";"Scientific Literature";"9606";"";"";"";"";"CHEMBL4837205";"33940465";"10.1016/j.ejmech.2021.113499";"2021";"Eur J Med Chem";"220";"113499";"113499";"";"";"";"";"";""
"CHEMBL4810246";"A";"Inhibition of sigma 1 receptor (unknown origin) at 0.1 to 1 uM";"Homo sapiens";"1";"1";"BAO_0000357";"single protein format";"9";"9 - Direct single protein target assigned";"";"Scientific Literature";"9606";"";"";"";"";"CHEMBL4808209";"34269576";"10.1021/acs.jmedchem.1c00713";"2021";"J Med Chem";"64";"10666";"10679";"";"";"";"";"";""
"CHEMBL4810230";"A";"Inhibition of GABA-A alpha1 BDZ site (unknown origin) at 0.1 to 1 uM";"Homo sapiens";"1";"1";"BAO_0000357";"single protein format";"9";"9 - Direct single protein target assigned";"";"Scientific Literature";"9606";"";"";"";"";"CHEMBL4808209";"34269576";"10.1021/acs.jmedchem.1c00713";"2021";"J Med Chem";"64";"10666";"10679";"";"";"";"";"";""
"CHEMBL4810239";"A";"Inhibition of 5HT2A receptor (unknown origin) at 0.1 to 1 uM";"Homo sapiens";"1";"1";"BAO_0000357";"single protein format";"9";"9 - Direct single protein target assigned";"";"Scientific Literature";"9606";"";"";"";"";"CHEMBL4808209";"34269576";"10.1021/acs.jmedchem.1c00713";"2021";"J Med Chem";"64";"10666";"10679";"";"";"";"";"";""
"CHEMBL5100324";"B";"Inhibition of recombinant human FGFR3 V555L mutant using biotin-EQEDEPEGDYFEWLE-amide as substrate preincubated for 5 to 10 mins followed by substrate addition and measured after 1 hr by HTRF assay";"Homo sapiens";"8";"8";"BAO_0000019";"assay format";"0";"0 - Default value - Target unknown or has yet to be assigned";"";"Scientific Literature";"9606";"";"";"";"";"CHEMBL5096240";"36356320";"10.1021/acs.jmedchem.2c01366";"2022";"J Med Chem";"65";"15433";"15442";"";"";"";"";"";""
"CHEMBL5100325";"B";"Inhibition of recombinant human FGFR1 using biotin-EQEDEPEGDYFEWLE-amide as substrate preincubated for 5 to 10 mins followed by substrate addition and measured after 1 hr by HTRF assay";"Homo sapiens";"29";"29";"BAO_0000357";"single protein format";"9";"9 - Direct single protein target assigned";"";"Scientific Literature";"9606";"";"";"";"";"CHEMBL5096240";"36356320";"10.1021/acs.jmedchem.2c01366";"2022";"J Med Chem";"65";"15433";"15442";"";"";"";"";"";""
"CHEMBL4838111";"B";"Inhibition of FGFR1 (unknown origin)";"Homo sapiens";"4";"4";"BAO_0000357";"single protein format";"9";"9 - Direct single protein target assigned";"";"Scientific Literature";"9606";"";"";"";"";"CHEMBL4837205";"33940465";"10.1016/j.ejmech.2021.113499";"2021";"Eur J Med Chem";"220";"113499";"113499";"";"";"";"";"";""
"CHEMBL4810189";"A";"Inhibition of human adenosine transporter at 0.1 to 1 uM";"Homo sapiens";"1";"1";"BAO_0000019";"assay format";"0";"0 - Default value - Target unknown or has yet to be assigned";"";"Scientific Literature";"9606";"";"";"";"";"CHEMBL4808209";"34269576";"10.1021/acs.jmedchem.1c00713";"2021";"J Med Chem";"64";"10666";"10679";"";"";"";"";"";""
"CHEMBL4810187";"T";"Toxicity in SCID mouse xenografted with human KATO III stomach cancer cell line assessed as effect on boy weight at 0.03 to 1 mg/kg, po administered once daily for 10 days";"Mus musculus";"1";"1";"BAO_0000218";"organism-based format";"0";"0 - Default value - Target unknown or has yet to be assigned";"";"Scientific Literature";"10090";"";"";"";"";"CHEMBL4808209";"34269576";"10.1021/acs.jmedchem.1c00713";"2021";"J Med Chem";"64";"10666";"10679";"";"";"";"";"";""
"CHEMBL4838113";"B";"Inhibition of FGFR3 (unknown origin)";"Homo sapiens";"4";"4";"BAO_0000357";"single protein format";"9";"9 - Direct single protein target assigned";"";"Scientific Literature";"9606";"";"";"";"";"CHEMBL4837205";"33940465";"10.1016/j.ejmech.2021.113499";"2021";"Eur J Med Chem";"220";"113499";"113499";"";"";"";"";"";""
"CHEMBL4810197";"A";"Inhibition of dopamine transporter (unknown origin) at 0.1 to 1 uM";"Homo sapiens";"1";"1";"BAO_0000357";"single protein format";"9";"9 - Direct single protein target assigned";"";"Scientific Literature";"9606";"";"";"";"";"CHEMBL4808209";"34269576";"10.1021/acs.jmedchem.1c00713";"2021";"J Med Chem";"64";"10666";"10679";"";"";"";"";"";""
"CHEMBL4810205";"A";"Inhibition of human muscarinic M2 receptor at 0.1 to 1 uM";"Homo sapiens";"1";"1";"BAO_0000357";"single protein format";"9";"9 - Direct single protein target assigned";"";"Scientific Literature";"9606";"";"";"";"";"CHEMBL4808209";"34269576";"10.1021/acs.jmedchem.1c00713";"2021";"J Med Chem";"64";"10666";"10679";"";"";"";"";"";""
"CHEMBL4810238";"A";"Inhibition of 5HT1D receptor (unknown origin) at 0.1 to 1 uM";"Homo sapiens";"1";"1";"BAO_0000357";"single protein format";"9";"9 - Direct single protein target assigned";"";"Scientific Literature";"9606";"";"";"";"";"CHEMBL4808209";"34269576";"10.1021/acs.jmedchem.1c00713";"2021";"J Med Chem";"64";"10666";"10679";"";"";"";"";"";""
"CHEMBL4810206";"A";"Inhibition of human muscarinic M3 receptor at 0.1 to 1 uM";"Homo sapiens";"1";"1";"BAO_0000357";"single protein format";"9";"9 - Direct single protein target assigned";"";"Scientific Literature";"9606";"";"";"";"";"CHEMBL4808209";"34269576";"10.1021/acs.jmedchem.1c00713";"2021";"J Med Chem";"64";"10666";"10679";"";"";"";"";"";""
"CHEMBL4810247";"A";"Inhibition of human ETA receptor at 0.1 to 1 uM";"Homo sapiens";"1";"1";"BAO_0000357";"single protein format";"9";"9 - Direct single protein target assigned";"";"Scientific Literature";"9606";"";"";"";"";"CHEMBL4808209";"34269576";"10.1021/acs.jmedchem.1c00713";"2021";"J Med Chem";"64";"10666";"10679";"";"";"";"";"";""
"CHEMBL4810193";"A";"Inhibition of adrenergic alpha 2A receptor (unknown origin) at 0.1 to 1 uM";"Homo sapiens";"1";"1";"BAO_0000357";"single protein format";"9";"9 - Direct single protein target assigned";"";"Scientific Literature";"9606";"";"";"";"";"CHEMBL4808209";"34269576";"10.1021/acs.jmedchem.1c00713";"2021";"J Med Chem";"64";"10666";"10679";"";"";"";"";"";""
"CHEMBL4810251";"A";"Inhibition of human PDE4A1A at 0.1 to 1 uM";"Homo sapiens";"1";"1";"BAO_0000019";"assay format";"0";"0 - Default value - Target unknown or has yet to be assigned";"";"Scientific Literature";"9606";"";"";"";"";"CHEMBL4808209";"34269576";"10.1021/acs.jmedchem.1c00713";"2021";"J Med Chem";"64";"10666";"10679";"";"";"";"";"";""
"CHEMBL5135724";"B";"Inhibition of FGFR2 N549H mutant (unknown origin) by radiometric kinase activity assay";"Homo sapiens";"24";"24";"BAO_0000357";"single protein format";"9";"9 - Direct single protein target assigned";"";"Scientific Literature";"9606";"";"";"";"";"CHEMBL5131515";"35436119";"10.1021/acs.jmedchem.1c01776";"2022";"J Med Chem";"65";"6017";"6038";"";"";"";"";"P21802";"N549H"
"CHEMBL4810240";"A";"Inhibition of 5HT2C receptor (unknown origin) at 0.1 to 1 uM";"Homo sapiens";"1";"1";"BAO_0000357";"single protein format";"9";"9 - Direct single protein target assigned";"";"Scientific Literature";"9606";"";"";"";"";"CHEMBL4808209";"34269576";"10.1021/acs.jmedchem.1c00713";"2021";"J Med Chem";"64";"10666";"10679";"";"";"";"";"";""
"CHEMBL5135725";"B";"Inhibition of FGFR3 K650E mutant (unknown origin) by radiometric kinase activity assay";"Homo sapiens";"9";"9";"BAO_0000357";"single protein format";"9";"9 - Direct single protein target assigned";"";"Scientific Literature";"9606";"";"";"";"";"CHEMBL5131515";"35436119";"10.1021/acs.jmedchem.1c01776";"2022";"J Med Chem";"65";"6017";"6038";"";"";"";"";"P22607";"K650E"
"CHEMBL5135723";"B";"Inhibition of FGFR3 V555M mutant (unknown origin) by radiometric kinase activity assay";"Homo sapiens";"17";"17";"BAO_0000357";"single protein format";"9";"9 - Direct single protein target assigned";"";"Scientific Literature";"9606";"";"";"";"";"CHEMBL5131515";"35436119";"10.1021/acs.jmedchem.1c01776";"2022";"J Med Chem";"65";"6017";"6038";"";"";"";"";"P22607";"V555M"
"CHEMBL5135730";"F";"Antiproliferative activity against mouse BaF3 cells harboring TEL-FGFR3-V555M mutant assessed as cell growth inhibition by CellTiter-Glo assay";"Mus musculus";"27";"27";"BAO_0000219";"cell-based format";"1";"1 - Target assigned is non-molecular";"";"Scientific Literature";"10090";"";"";"BaF3";"";"CHEMBL5131515";"35436119";"10.1021/acs.jmedchem.1c01776";"2022";"J Med Chem";"65";"6017";"6038";"";"";"";"";"";""
"CHEMBL5135718";"B";"Inhibition of wild-type FGFR2 (unknown origin) by radiometric kinase activity assay";"Homo sapiens";"9";"9";"BAO_0000357";"single protein format";"9";"9 - Direct single protein target assigned";"";"Scientific Literature";"9606";"";"";"";"";"CHEMBL5131515";"35436119";"10.1021/acs.jmedchem.1c01776";"2022";"J Med Chem";"65";"6017";"6038";"";"";"";"";"";""
"CHEMBL4810150";"A";"Volume of distribution at steady state in Sprague-Dawley rat at 2 mg/kg, po or 1 mg/kg, iv administered as cassette dose measured after 24 hrs";"Rattus norvegicus";"20";"20";"BAO_0000218";"organism-based format";"0";"0 - Default value - Target unknown or has yet to be assigned";"Sprague-Dawley";"Scientific Literature";"10116";"";"";"";"";"CHEMBL4808209";"34269576";"10.1021/acs.jmedchem.1c00713";"2021";"J Med Chem";"64";"10666";"10679";"";"";"";"";"";""
"CHEMBL5135719";"B";"Inhibition of wild-type FGFR3 (unknown origin) by radiometric kinase activity assay";"Homo sapiens";"27";"27";"BAO_0000357";"single protein format";"9";"9 - Direct single protein target assigned";"";"Scientific Literature";"9606";"";"";"";"";"CHEMBL5131515";"35436119";"10.1021/acs.jmedchem.1c01776";"2022";"J Med Chem";"65";"6017";"6038";"";"";"";"";"";""
"CHEMBL5135721";"B";"Inhibition of FGFR1 V561M mutant (unknown origin) by radiometric kinase activity assay";"Homo sapiens";"9";"9";"BAO_0000357";"single protein format";"9";"9 - Direct single protein target assigned";"";"Scientific Literature";"9606";"";"";"";"";"CHEMBL5131515";"35436119";"10.1021/acs.jmedchem.1c01776";"2022";"J Med Chem";"65";"6017";"6038";"";"";"";"";"P11362";"V561M"
"CHEMBL5135722";"B";"Inhibition of FGFR2 V564F mutant (unknown origin) by radiometric kinase activity assay";"Homo sapiens";"15";"15";"BAO_0000019";"assay format";"0";"0 - Default value - Target unknown or has yet to be assigned";"";"Scientific Literature";"9606";"";"";"";"";"CHEMBL5131515";"35436119";"10.1021/acs.jmedchem.1c01776";"2022";"J Med Chem";"65";"6017";"6038";"";"";"";"";"";""
"CHEMBL5135732";"T";"Antiproliferative activity against mouse BaF3 cells assessed as cell growth inhibition by CellTiter-Glo assay";"Mus musculus";"27";"27";"BAO_0000219";"cell-based format";"1";"1 - Target assigned is non-molecular";"";"Scientific Literature";"10090";"";"";"BaF3";"";"CHEMBL5131515";"35436119";"10.1021/acs.jmedchem.1c01776";"2022";"J Med Chem";"65";"6017";"6038";"";"";"";"";"";""
"CHEMBL5135735";"F";"Antiproliferative activity against human AN3-CA cells harboring FGFR2 K310R/N549K mutant assessed as cell growth inhibition by CellTiter-Glo assay";"Homo sapiens";"27";"27";"BAO_0000219";"cell-based format";"1";"1 - Target assigned is non-molecular";"";"Scientific Literature";"9606";"";"";"AN3-CA";"";"CHEMBL5131515";"35436119";"10.1021/acs.jmedchem.1c01776";"2022";"J Med Chem";"65";"6017";"6038";"";"";"";"";"";""
"CHEMBL4810173";"A";"Inhibition of CYP3A4 in human liver microsomes using midazolam or testosterone as substrate substrate in presence of NADPH by LC-MS/MS analysis";"Homo sapiens";"2";"2";"BAO_0000251";"microsome format";"9";"9 - Direct single protein target assigned";"";"Scientific Literature";"9606";"CHEMBL3559723";"Liver";"";"Microsomes";"CHEMBL4808209";"34269576";"10.1021/acs.jmedchem.1c00713";"2021";"J Med Chem";"64";"10666";"10679";"";"";"";"";"";""
"CHEMBL4810229";"A";"Inhibition of GABA A receptor (unknown origin) at 0.1 to 1 uM";"Homo sapiens";"1";"1";"BAO_0000223";"protein complex format";"5";"5 - Multiple direct protein targets may be assigned";"";"Scientific Literature";"9606";"";"";"";"";"CHEMBL4808209";"34269576";"10.1021/acs.jmedchem.1c00713";"2021";"J Med Chem";"64";"10666";"10679";"";"";"";"";"";""
"CHEMBL5096304";"B";"Inhibition of FGFR1 (unknown origin)";"Homo sapiens";"5";"5";"BAO_0000357";"single protein format";"9";"9 - Direct single protein target assigned";"";"Scientific Literature";"9606";"";"";"";"";"CHEMBL5096142";"33199155";"10.1016/j.ejmech.2020.112990";"2021";"Eur J Med Chem";"210";"112990";"112990";"";"";"";"";"";""
"CHEMBL4810186";"F";"Antitumor activity against human KATO III stomach cancer cell line xenografted in SCID mouse assessed as tumor growth inhibition at 0.3 mg/kg, po administered once daily for 10 days";"Homo sapiens";"1";"1";"BAO_0000218";"organism-based format";"0";"0 - Default value - Target unknown or has yet to be assigned";"";"Scientific Literature";"9606";"";"";"KATO III stomach cancer cell line";"";"CHEMBL4808209";"34269576";"10.1021/acs.jmedchem.1c00713";"2021";"J Med Chem";"64";"10666";"10679";"";"";"";"";"";""
"CHEMBL5135733";"F";"Antiproliferative activity against mouse BaF3 cells harboring TEL-FGFR4 V550E mutant assessed as cell growth inhibition by CellTiter-Glo assay";"Mus musculus";"9";"9";"BAO_0000219";"cell-based format";"1";"1 - Target assigned is non-molecular";"";"Scientific Literature";"10090";"";"";"BaF3";"";"CHEMBL5131515";"35436119";"10.1021/acs.jmedchem.1c01776";"2022";"J Med Chem";"65";"6017";"6038";"";"";"";"";"";""
"CHEMBL5135736";"F";"Antiproliferative activity against human KMS-11 cells harboring FGFR3 Y373C mutant assessed as cell growth inhibition by CellTiter-Glo assay";"Homo sapiens";"27";"27";"BAO_0000219";"cell-based format";"1";"1 - Target assigned is non-molecular";"";"Scientific Literature";"9606";"";"";"KMS-11";"";"CHEMBL5131515";"35436119";"10.1021/acs.jmedchem.1c01776";"2022";"J Med Chem";"65";"6017";"6038";"";"";"";"";"";""
"CHEMBL4810245";"A";"Inhibition of human 5HT7 receptor at 0.1 to 1 uM";"Homo sapiens";"1";"1";"BAO_0000357";"single protein format";"9";"9 - Direct single protein target assigned";"";"Scientific Literature";"9606";"";"";"";"";"CHEMBL4808209";"34269576";"10.1021/acs.jmedchem.1c00713";"2021";"J Med Chem";"64";"10666";"10679";"";"";"";"";"";""
"CHEMBL5135737";"F";"Antiproliferative activity against human J82 cells harboring FGFR3 K652E mutant assessed as cell growth inhibition by CellTiter-Glo assay";"Homo sapiens";"27";"27";"BAO_0000219";"cell-based format";"1";"1 - Target assigned is non-molecular";"";"Scientific Literature";"9606";"";"";"J82";"";"CHEMBL5131515";"35436119";"10.1021/acs.jmedchem.1c01776";"2022";"J Med Chem";"65";"6017";"6038";"";"";"";"";"";""
"CHEMBL4810195";"A";"Inhibition of human adrenergic beta 1 receptor at 0.1 to 1 uM";"Homo sapiens";"1";"1";"BAO_0000357";"single protein format";"9";"9 - Direct single protein target assigned";"";"Scientific Literature";"9606";"";"";"";"";"CHEMBL4808209";"34269576";"10.1021/acs.jmedchem.1c00713";"2021";"J Med Chem";"64";"10666";"10679";"";"";"";"";"";""
"CHEMBL4810207";"A";"Inhibition of human muscarinic M4 receptor at 0.1 to 1 uM";"Homo sapiens";"1";"1";"BAO_0000357";"single protein format";"9";"9 - Direct single protein target assigned";"";"Scientific Literature";"9606";"";"";"";"";"CHEMBL4808209";"34269576";"10.1021/acs.jmedchem.1c00713";"2021";"J Med Chem";"64";"10666";"10679";"";"";"";"";"";""
"CHEMBL4810214";"A";"Inhibition of sigma 2 receptor (unknown origin) at 0.1 to 1 uM";"Homo sapiens";"1";"1";"BAO_0000357";"single protein format";"9";"9 - Direct single protein target assigned";"";"Scientific Literature";"9606";"";"";"";"";"CHEMBL4808209";"34269576";"10.1021/acs.jmedchem.1c00713";"2021";"J Med Chem";"64";"10666";"10679";"";"";"";"";"";""
"CHEMBL4810147";"P";"Solubility of the compound in simulated gastric fluid";"";"1";"1";"BAO_0000100";"small-molecule physicochemical format";"0";"0 - Default value - Target unknown or has yet to be assigned";"";"Scientific Literature";"";"";"";"";"";"CHEMBL4808209";"34269576";"10.1021/acs.jmedchem.1c00713";"2021";"J Med Chem";"64";"10666";"10679";"";"";"";"";"";""
"CHEMBL5096305";"B";"Inhibition of FGFR3 (unknown origin)";"Homo sapiens";"4";"4";"BAO_0000357";"single protein format";"9";"9 - Direct single protein target assigned";"";"Scientific Literature";"9606";"";"";"";"";"CHEMBL5096142";"33199155";"10.1016/j.ejmech.2020.112990";"2021";"Eur J Med Chem";"210";"112990";"112990";"";"";"";"";"";""
"CHEMBL5143812";"B";"Inhibition of human recombinant FGFR3 by ELISA method";"Homo sapiens";"1";"1";"BAO_0000357";"single protein format";"9";"9 - Direct single protein target assigned";"";"Scientific Literature";"9606";"";"";"";"";"CHEMBL5143507";"34624192";"10.1021/acs.jmedchem.1c00963";"2022";"J Med Chem";"65";"1047";"1131";"";"";"";"";"";""
"CHEMBL4810192";"A";"Inhibition of adrenergic alpha 1A receptor (unknown origin) at 0.1 to 1 uM";"Homo sapiens";"1";"1";"BAO_0000357";"single protein format";"9";"9 - Direct single protein target assigned";"";"Scientific Literature";"9606";"";"";"";"";"CHEMBL4808209";"34269576";"10.1021/acs.jmedchem.1c00713";"2021";"J Med Chem";"64";"10666";"10679";"";"";"";"";"";""
"CHEMBL4810254";"A";"Inhibition of human PKCa at 0.1 to 1 uM";"Homo sapiens";"1";"1";"BAO_0000357";"single protein format";"9";"9 - Direct single protein target assigned";"";"Scientific Literature";"9606";"";"";"";"";"CHEMBL4808209";"34269576";"10.1021/acs.jmedchem.1c00713";"2021";"J Med Chem";"64";"10666";"10679";"";"";"";"";"";""
"CHEMBL5135726";"B";"Inhibition of FGFR3 K650M mutant (unknown origin) by radiometric kinase activity assay";"Homo sapiens";"9";"9";"BAO_0000357";"single protein format";"9";"9 - Direct single protein target assigned";"";"Scientific Literature";"9606";"";"";"";"";"CHEMBL5131515";"35436119";"10.1021/acs.jmedchem.1c01776";"2022";"J Med Chem";"65";"6017";"6038";"";"";"";"";"P22607";"K650M"
"CHEMBL5100349";"F";"Induction of phosphorus increase in human UMUC14 cells xenografted with C57BL/6 mouse at 10 mg/kg, po measured after 24 hrs";"Mus musculus";"1";"1";"BAO_0000218";"organism-based format";"0";"0 - Default value - Target unknown or has yet to be assigned";"C57BL/6";"Scientific Literature";"10090";"";"";"";"";"CHEMBL5096240";"36356320";"10.1021/acs.jmedchem.2c01366";"2022";"J Med Chem";"65";"15433";"15442";"";"";"";"";"";""
