,0,1
0,106,0.05478713849470092
1,27,0.0030537093587210346
2,530,0.002694449434165619
3,765,0.002335189509610203
4,74,0.002335189509610203
5,728,0.002335189509610203
6,578,0.002155559547332495
7,576,0.002155559547332495
8,577,0.001975929585054787
9,441,0.001975929585054787
10,310,0.0017962996227770794
11,309,0.0017962996227770794
12,308,0.0017962996227770794
13,307,0.0017962996227770794
14,306,0.0017962996227770794
15,305,0.0017962996227770794
16,304,0.0017962996227770794
17,303,0.0017962996227770794
18,302,0.0017962996227770794
19,301,0.0017962996227770794
20,77,0.0016166696604993714
21,75,0.0016166696604993714
22,440,0.0016166696604993714
23,327,0.0014370396982216634
24,326,0.0014370396982216634
25,325,0.0014370396982216634
26,324,0.0014370396982216634
27,323,0.0014370396982216634
28,322,0.0014370396982216634
29,321,0.0014370396982216634
30,318,0.0014370396982216634
31,250,0.0014370396982216634
32,249,0.0014370396982216634
33,248,0.0014370396982216634
34,247,0.0014370396982216634
35,246,0.0014370396982216634
36,245,0.0014370396982216634
37,244,0.0014370396982216634
38,241,0.0014370396982216634
39,238,0.0014370396982216634
40,237,0.0014370396982216634
41,234,0.0014370396982216634
42,233,0.0014370396982216634
43,232,0.0014370396982216634
44,230,0.0014370396982216634
45,229,0.0014370396982216634
46,228,0.0014370396982216634
47,227,0.0014370396982216634
48,226,0.0014370396982216634
49,224,0.0014370396982216634
50,223,0.0014370396982216634
51,222,0.0014370396982216634
52,221,0.0014370396982216634
53,219,0.0014370396982216634
54,218,0.0014370396982216634
55,217,0.0014370396982216634
56,216,0.0014370396982216634
57,214,0.0014370396982216634
58,213,0.0014370396982216634
59,211,0.0014370396982216634
60,210,0.0014370396982216634
61,209,0.0014370396982216634
62,207,0.0014370396982216634
63,206,0.0014370396982216634
64,205,0.0014370396982216634
65,203,0.0014370396982216634
66,202,0.0014370396982216634
67,201,0.0014370396982216634
68,196,0.0014370396982216634
69,195,0.0014370396982216634
70,194,0.0014370396982216634
71,193,0.0014370396982216634
72,1374,0.0014370396982216634
73,1373,0.0014370396982216634
74,1372,0.0014370396982216634
75,1371,0.0014370396982216634
76,1370,0.0014370396982216634
77,1369,0.0014370396982216634
78,1368,0.0014370396982216634
79,1100,0.0014370396982216634
80,1021,0.0014370396982216634
81,783,0.0014370396982216634
82,727,0.0014370396982216634
83,591,0.0014370396982216634
84,391,0.0014370396982216634
85,387,0.0014370396982216634
86,386,0.0014370396982216634
87,382,0.0014370396982216634
88,377,0.0014370396982216634
89,369,0.0014370396982216634
90,368,0.0014370396982216634
91,350,0.0014370396982216634
92,349,0.0014370396982216634
93,348,0.0014370396982216634
94,347,0.0014370396982216634
95,346,0.0014370396982216634
96,345,0.0014370396982216634
97,344,0.0014370396982216634
98,343,0.0014370396982216634
99,342,0.0014370396982216634
100,341,0.0014370396982216634
101,340,0.0014370396982216634
102,339,0.0014370396982216634
103,338,0.0014370396982216634
104,337,0.0014370396982216634
105,320,0.0014370396982216634
106,269,0.0014370396982216634
107,266,0.0014370396982216634
108,263,0.0014370396982216634
109,251,0.0014370396982216634
110,243,0.0014370396982216634
111,242,0.0014370396982216634
112,240,0.0014370396982216634
113,239,0.0014370396982216634
114,236,0.0014370396982216634
115,235,0.0014370396982216634
116,231,0.0014370396982216634
117,225,0.0014370396982216634
118,220,0.0014370396982216634
119,215,0.0014370396982216634
120,212,0.0014370396982216634
121,208,0.0014370396982216634
122,204,0.0014370396982216634
123,200,0.0014370396982216634
124,199,0.0014370396982216634
125,198,0.0014370396982216634
126,197,0.0014370396982216634
127,189,0.0014370396982216634
128,188,0.0014370396982216634
129,187,0.0014370396982216634
130,186,0.0014370396982216634
131,185,0.0014370396982216634
132,184,0.0014370396982216634
133,183,0.0014370396982216634
134,182,0.0014370396982216634
135,181,0.0014370396982216634
136,180,0.0014370396982216634
137,179,0.0014370396982216634
138,178,0.0014370396982216634
139,177,0.0014370396982216634
140,176,0.0014370396982216634
141,175,0.0014370396982216634
142,174,0.0014370396982216634
143,173,0.0014370396982216634
144,172,0.0014370396982216634
145,169,0.0014370396982216634
146,168,0.0014370396982216634
147,167,0.0014370396982216634
148,1375,0.0014370396982216634
149,1083,0.0012574097359439554
150,739,0.0012574097359439554
151,72,0.0012574097359439554
152,554,0.0012574097359439554
153,351,0.0012574097359439554
154,333,0.0012574097359439554
155,286,0.0012574097359439554
156,285,0.0012574097359439554
157,284,0.0012574097359439554
158,1354,0.0010777797736662474
159,1010,0.0010777797736662474
160,1009,0.0010777797736662474
161,88,0.0010777797736662474
162,87,0.0010777797736662474
163,78,0.0010777797736662474
164,662,0.0010777797736662474
165,575,0.0010777797736662474
166,439,0.0010777797736662474
167,952,0.0008981498113885397
168,911,0.0008981498113885397
169,758,0.0008981498113885397
170,2655,0.0008981498113885397
171,2615,0.0008981498113885397
172,26,0.0008981498113885397
173,2383,0.0008981498113885397
174,2382,0.0008981498113885397
175,2335,0.0008981498113885397
176,2334,0.0008981498113885397
177,2245,0.0008981498113885397
178,2240,0.0008981498113885397
179,1082,0.0008981498113885397
180,1015,0.0008981498113885397
181,1014,0.0008981498113885397
182,89,0.0008981498113885397
183,840,0.0008981498113885397
184,803,0.0008981498113885397
185,733,0.0008981498113885397
186,587,0.0008981498113885397
187,579,0.0008981498113885397
188,572,0.0008981498113885397
189,532,0.0008981498113885397
190,442,0.0008981498113885397
191,425,0.0008981498113885397
192,371,0.0008981498113885397
193,1386,0.0008981498113885397
194,1362,0.0008981498113885397
195,1072,0.0008981498113885397
196,978,0.0007185198491108317
197,948,0.0007185198491108317
198,936,0.0007185198491108317
199,933,0.0007185198491108317
200,910,0.0007185198491108317
201,909,0.0007185198491108317
202,907,0.0007185198491108317
203,760,0.0007185198491108317
204,759,0.0007185198491108317
205,756,0.0007185198491108317
206,755,0.0007185198491108317
207,753,0.0007185198491108317
208,752,0.0007185198491108317
209,2843,0.0007185198491108317
210,2842,0.0007185198491108317
211,2841,0.0007185198491108317
212,2840,0.0007185198491108317
213,2839,0.0007185198491108317
214,2838,0.0007185198491108317
215,2837,0.0007185198491108317
216,2835,0.0007185198491108317
217,2834,0.0007185198491108317
218,2722,0.0007185198491108317
219,2681,0.0007185198491108317
220,2653,0.0007185198491108317
221,2652,0.0007185198491108317
222,2651,0.0007185198491108317
223,257,0.0007185198491108317
224,1124,0.0007185198491108317
225,1020,0.0007185198491108317
226,1018,0.0007185198491108317
227,99,0.0007185198491108317
228,841,0.0007185198491108317
229,822,0.0007185198491108317
230,816,0.0007185198491108317
231,801,0.0007185198491108317
232,770,0.0007185198491108317
233,76,0.0007185198491108317
234,748,0.0007185198491108317
235,741,0.0007185198491108317
236,740,0.0007185198491108317
237,735,0.0007185198491108317
238,698,0.0007185198491108317
239,678,0.0007185198491108317
240,668,0.0007185198491108317
241,656,0.0007185198491108317
242,653,0.0007185198491108317
243,652,0.0007185198491108317
244,639,0.0007185198491108317
245,553,0.0007185198491108317
246,552,0.0007185198491108317
247,53,0.0007185198491108317
248,523,0.0007185198491108317
249,473,0.0007185198491108317
250,472,0.0007185198491108317
251,443,0.0007185198491108317
252,438,0.0007185198491108317
253,418,0.0007185198491108317
254,415,0.0007185198491108317
255,2836,0.0007185198491108317
256,262,0.0007185198491108317
257,1389,0.0007185198491108317
258,1361,0.0007185198491108317
259,130,0.0007185198491108317
260,979,0.0005388898868331237
261,977,0.0005388898868331237
262,967,0.0005388898868331237
263,961,0.0005388898868331237
264,960,0.0005388898868331237
265,955,0.0005388898868331237
266,950,0.0005388898868331237
267,941,0.0005388898868331237
268,940,0.0005388898868331237
269,935,0.0005388898868331237
270,934,0.0005388898868331237
271,932,0.0005388898868331237
272,929,0.0005388898868331237
273,926,0.0005388898868331237
274,920,0.0005388898868331237
275,847,0.0005388898868331237
276,846,0.0005388898868331237
277,757,0.0005388898868331237
278,751,0.0005388898868331237
279,750,0.0005388898868331237
280,706,0.0005388898868331237
281,544,0.0005388898868331237
282,42,0.0005388898868331237
283,29,0.0005388898868331237
284,2815,0.0005388898868331237
285,2808,0.0005388898868331237
286,28,0.0005388898868331237
287,2762,0.0005388898868331237
288,2761,0.0005388898868331237
289,2757,0.0005388898868331237
290,2756,0.0005388898868331237
291,2755,0.0005388898868331237
292,2754,0.0005388898868331237
293,2752,0.0005388898868331237
294,2749,0.0005388898868331237
295,2748,0.0005388898868331237
296,2747,0.0005388898868331237
297,2746,0.0005388898868331237
298,2744,0.0005388898868331237
299,2743,0.0005388898868331237
300,2742,0.0005388898868331237
301,2741,0.0005388898868331237
302,2740,0.0005388898868331237
303,2738,0.0005388898868331237
304,2736,0.0005388898868331237
305,2735,0.0005388898868331237
306,2734,0.0005388898868331237
307,2733,0.0005388898868331237
308,2732,0.0005388898868331237
309,2731,0.0005388898868331237
310,2730,0.0005388898868331237
311,2728,0.0005388898868331237
312,2727,0.0005388898868331237
313,2725,0.0005388898868331237
314,2721,0.0005388898868331237
315,2720,0.0005388898868331237
316,2719,0.0005388898868331237
317,2718,0.0005388898868331237
318,2714,0.0005388898868331237
319,2713,0.0005388898868331237
320,2712,0.0005388898868331237
321,2711,0.0005388898868331237
322,2710,0.0005388898868331237
323,2709,0.0005388898868331237
324,2708,0.0005388898868331237
325,2705,0.0005388898868331237
326,2704,0.0005388898868331237
327,2702,0.0005388898868331237
328,2701,0.0005388898868331237
329,2697,0.0005388898868331237
330,2696,0.0005388898868331237
331,2695,0.0005388898868331237
332,2694,0.0005388898868331237
333,2691,0.0005388898868331237
334,2690,0.0005388898868331237
335,2688,0.0005388898868331237
336,2687,0.0005388898868331237
337,2686,0.0005388898868331237
338,2685,0.0005388898868331237
339,2684,0.0005388898868331237
340,2683,0.0005388898868331237
341,2682,0.0005388898868331237
342,2680,0.0005388898868331237
343,2678,0.0005388898868331237
344,2676,0.0005388898868331237
345,2675,0.0005388898868331237
346,2674,0.0005388898868331237
347,2673,0.0005388898868331237
348,2672,0.0005388898868331237
349,2669,0.0005388898868331237
350,2668,0.0005388898868331237
351,2667,0.0005388898868331237
352,2666,0.0005388898868331237
353,2665,0.0005388898868331237
354,2664,0.0005388898868331237
355,2663,0.0005388898868331237
356,2662,0.0005388898868331237
357,2661,0.0005388898868331237
358,2659,0.0005388898868331237
359,2658,0.0005388898868331237
360,2657,0.0005388898868331237
361,2656,0.0005388898868331237
362,2654,0.0005388898868331237
363,2650,0.0005388898868331237
364,2648,0.0005388898868331237
365,2646,0.0005388898868331237
366,2645,0.0005388898868331237
367,2644,0.0005388898868331237
368,2643,0.0005388898868331237
369,2641,0.0005388898868331237
370,2640,0.0005388898868331237
371,2639,0.0005388898868331237
372,2638,0.0005388898868331237
373,2637,0.0005388898868331237
374,2636,0.0005388898868331237
375,2635,0.0005388898868331237
376,2632,0.0005388898868331237
377,2631,0.0005388898868331237
378,2628,0.0005388898868331237
379,2627,0.0005388898868331237
380,2626,0.0005388898868331237
381,2624,0.0005388898868331237
382,2623,0.0005388898868331237
383,2622,0.0005388898868331237
384,2618,0.0005388898868331237
385,2617,0.0005388898868331237
386,2614,0.0005388898868331237
387,2612,0.0005388898868331237
388,2611,0.0005388898868331237
389,2610,0.0005388898868331237
390,2609,0.0005388898868331237
391,2608,0.0005388898868331237
392,2607,0.0005388898868331237
393,2606,0.0005388898868331237
394,2605,0.0005388898868331237
395,2603,0.0005388898868331237
396,2602,0.0005388898868331237
397,2601,0.0005388898868331237
398,2600,0.0005388898868331237
399,2599,0.0005388898868331237
400,2598,0.0005388898868331237
401,2597,0.0005388898868331237
402,2596,0.0005388898868331237
403,2595,0.0005388898868331237
404,2593,0.0005388898868331237
405,2592,0.0005388898868331237
406,2591,0.0005388898868331237
407,2590,0.0005388898868331237
408,2589,0.0005388898868331237
409,2588,0.0005388898868331237
410,2587,0.0005388898868331237
411,2586,0.0005388898868331237
412,2585,0.0005388898868331237
413,2584,0.0005388898868331237
414,2583,0.0005388898868331237
415,2580,0.0005388898868331237
416,258,0.0005388898868331237
417,2579,0.0005388898868331237
418,2578,0.0005388898868331237
419,2577,0.0005388898868331237
420,2575,0.0005388898868331237
421,2574,0.0005388898868331237
422,2571,0.0005388898868331237
423,2570,0.0005388898868331237
424,2568,0.0005388898868331237
425,2566,0.0005388898868331237
426,2565,0.0005388898868331237
427,2564,0.0005388898868331237
428,2562,0.0005388898868331237
429,2561,0.0005388898868331237
430,2560,0.0005388898868331237
431,2559,0.0005388898868331237
432,2558,0.0005388898868331237
433,2552,0.0005388898868331237
434,2550,0.0005388898868331237
435,2548,0.0005388898868331237
436,2545,0.0005388898868331237
437,2544,0.0005388898868331237
438,2543,0.0005388898868331237
439,2541,0.0005388898868331237
440,2540,0.0005388898868331237
441,2537,0.0005388898868331237
442,2536,0.0005388898868331237
443,2535,0.0005388898868331237
444,2534,0.0005388898868331237
445,2533,0.0005388898868331237
446,2532,0.0005388898868331237
447,2531,0.0005388898868331237
448,253,0.0005388898868331237
449,2529,0.0005388898868331237
450,2527,0.0005388898868331237
451,2524,0.0005388898868331237
452,2522,0.0005388898868331237
453,2521,0.0005388898868331237
454,2520,0.0005388898868331237
455,2519,0.0005388898868331237
456,2518,0.0005388898868331237
457,2517,0.0005388898868331237
458,2516,0.0005388898868331237
459,2514,0.0005388898868331237
460,2513,0.0005388898868331237
461,2512,0.0005388898868331237
462,2511,0.0005388898868331237
463,2510,0.0005388898868331237
464,2508,0.0005388898868331237
465,2507,0.0005388898868331237
466,2506,0.0005388898868331237
467,2504,0.0005388898868331237
468,2503,0.0005388898868331237
469,2502,0.0005388898868331237
470,2501,0.0005388898868331237
471,2500,0.0005388898868331237
472,25,0.0005388898868331237
473,2498,0.0005388898868331237
474,2497,0.0005388898868331237
475,2496,0.0005388898868331237
476,2495,0.0005388898868331237
477,2494,0.0005388898868331237
478,2493,0.0005388898868331237
479,2491,0.0005388898868331237
480,2490,0.0005388898868331237
481,2489,0.0005388898868331237
482,2487,0.0005388898868331237
483,2486,0.0005388898868331237
484,2485,0.0005388898868331237
485,2484,0.0005388898868331237
486,2483,0.0005388898868331237
487,2482,0.0005388898868331237
488,2481,0.0005388898868331237
489,2480,0.0005388898868331237
490,2479,0.0005388898868331237
491,2478,0.0005388898868331237
492,2477,0.0005388898868331237
493,2476,0.0005388898868331237
494,2472,0.0005388898868331237
495,2470,0.0005388898868331237
496,2469,0.0005388898868331237
497,2468,0.0005388898868331237
498,2467,0.0005388898868331237
499,2465,0.0005388898868331237
500,2464,0.0005388898868331237
501,2462,0.0005388898868331237
502,2461,0.0005388898868331237
503,2460,0.0005388898868331237
504,2459,0.0005388898868331237
505,2456,0.0005388898868331237
506,2455,0.0005388898868331237
507,2454,0.0005388898868331237
508,2453,0.0005388898868331237
509,2451,0.0005388898868331237
510,2450,0.0005388898868331237
511,2449,0.0005388898868331237
512,2448,0.0005388898868331237
513,2447,0.0005388898868331237
514,2445,0.0005388898868331237
515,2444,0.0005388898868331237
516,2443,0.0005388898868331237
517,2442,0.0005388898868331237
518,2441,0.0005388898868331237
519,2440,0.0005388898868331237
520,2439,0.0005388898868331237
521,2438,0.0005388898868331237
522,2437,0.0005388898868331237
523,2436,0.0005388898868331237
524,2435,0.0005388898868331237
525,2434,0.0005388898868331237
526,2433,0.0005388898868331237
527,2432,0.0005388898868331237
528,2431,0.0005388898868331237
529,2430,0.0005388898868331237
530,2428,0.0005388898868331237
531,2427,0.0005388898868331237
532,2426,0.0005388898868331237
533,2425,0.0005388898868331237
534,2424,0.0005388898868331237
535,2423,0.0005388898868331237
536,2422,0.0005388898868331237
537,2421,0.0005388898868331237
538,2420,0.0005388898868331237
539,2419,0.0005388898868331237
540,2418,0.0005388898868331237
541,2417,0.0005388898868331237
542,2416,0.0005388898868331237
543,2414,0.0005388898868331237
544,2413,0.0005388898868331237
545,2412,0.0005388898868331237
546,2411,0.0005388898868331237
547,2410,0.0005388898868331237
548,2409,0.0005388898868331237
549,2408,0.0005388898868331237
550,2407,0.0005388898868331237
551,2406,0.0005388898868331237
552,2405,0.0005388898868331237
553,2404,0.0005388898868331237
554,2403,0.0005388898868331237
555,2402,0.0005388898868331237
556,2401,0.0005388898868331237
557,2400,0.0005388898868331237
558,2399,0.0005388898868331237
559,2398,0.0005388898868331237
560,2397,0.0005388898868331237
561,2396,0.0005388898868331237
562,2395,0.0005388898868331237
563,2393,0.0005388898868331237
564,2391,0.0005388898868331237
565,2390,0.0005388898868331237
566,2389,0.0005388898868331237
567,2388,0.0005388898868331237
568,2387,0.0005388898868331237
569,2386,0.0005388898868331237
570,2385,0.0005388898868331237
571,2384,0.0005388898868331237
572,2381,0.0005388898868331237
573,2379,0.0005388898868331237
574,2378,0.0005388898868331237
575,2377,0.0005388898868331237
576,2376,0.0005388898868331237
577,2375,0.0005388898868331237
578,2372,0.0005388898868331237
579,2371,0.0005388898868331237
580,2370,0.0005388898868331237
581,2369,0.0005388898868331237
582,2368,0.0005388898868331237
583,2366,0.0005388898868331237
584,2365,0.0005388898868331237
585,2362,0.0005388898868331237
586,2361,0.0005388898868331237
587,2360,0.0005388898868331237
588,2359,0.0005388898868331237
589,2358,0.0005388898868331237
590,2357,0.0005388898868331237
591,2356,0.0005388898868331237
592,2354,0.0005388898868331237
593,2353,0.0005388898868331237
594,2352,0.0005388898868331237
595,2351,0.0005388898868331237
596,2350,0.0005388898868331237
597,2349,0.0005388898868331237
598,2348,0.0005388898868331237
599,2347,0.0005388898868331237
600,2345,0.0005388898868331237
601,2344,0.0005388898868331237
602,2343,0.0005388898868331237
603,2340,0.0005388898868331237
604,2338,0.0005388898868331237
605,2337,0.0005388898868331237
606,2336,0.0005388898868331237
607,2333,0.0005388898868331237
608,2332,0.0005388898868331237
609,2331,0.0005388898868331237
610,2330,0.0005388898868331237
611,2329,0.0005388898868331237
612,2328,0.0005388898868331237
613,2327,0.0005388898868331237
614,2326,0.0005388898868331237
615,2325,0.0005388898868331237
616,2324,0.0005388898868331237
617,2323,0.0005388898868331237
618,2322,0.0005388898868331237
619,2321,0.0005388898868331237
620,2320,0.0005388898868331237
621,2318,0.0005388898868331237
622,2316,0.0005388898868331237
623,2315,0.0005388898868331237
624,2314,0.0005388898868331237
625,2313,0.0005388898868331237
626,2312,0.0005388898868331237
627,2310,0.0005388898868331237
628,2309,0.0005388898868331237
629,2308,0.0005388898868331237
630,2307,0.0005388898868331237
631,2306,0.0005388898868331237
632,2302,0.0005388898868331237
633,2301,0.0005388898868331237
634,2299,0.0005388898868331237
635,2298,0.0005388898868331237
636,2297,0.0005388898868331237
637,2296,0.0005388898868331237
638,2295,0.0005388898868331237
639,2294,0.0005388898868331237
640,2293,0.0005388898868331237
641,2292,0.0005388898868331237
642,2291,0.0005388898868331237
643,2290,0.0005388898868331237
644,2289,0.0005388898868331237
645,2288,0.0005388898868331237
646,2287,0.0005388898868331237
647,2286,0.0005388898868331237
648,2285,0.0005388898868331237
649,2283,0.0005388898868331237
650,2282,0.0005388898868331237
651,2281,0.0005388898868331237
652,2279,0.0005388898868331237
653,2278,0.0005388898868331237
654,2276,0.0005388898868331237
655,2275,0.0005388898868331237
656,2274,0.0005388898868331237
657,2273,0.0005388898868331237
658,2271,0.0005388898868331237
659,2270,0.0005388898868331237
660,2269,0.0005388898868331237
661,2268,0.0005388898868331237
662,2267,0.0005388898868331237
663,2265,0.0005388898868331237
664,2264,0.0005388898868331237
665,2263,0.0005388898868331237
666,2261,0.0005388898868331237
667,2260,0.0005388898868331237
668,2259,0.0005388898868331237
669,2258,0.0005388898868331237
670,2257,0.0005388898868331237
671,2256,0.0005388898868331237
672,2255,0.0005388898868331237
673,2254,0.0005388898868331237
674,2253,0.0005388898868331237
675,2252,0.0005388898868331237
676,2251,0.0005388898868331237
677,2250,0.0005388898868331237
678,2249,0.0005388898868331237
679,2248,0.0005388898868331237
680,2247,0.0005388898868331237
681,2246,0.0005388898868331237
682,2244,0.0005388898868331237
683,2243,0.0005388898868331237
684,2242,0.0005388898868331237
685,2241,0.0005388898868331237
686,2239,0.0005388898868331237
687,2238,0.0005388898868331237
688,2237,0.0005388898868331237
689,2236,0.0005388898868331237
690,2235,0.0005388898868331237
691,2234,0.0005388898868331237
692,2233,0.0005388898868331237
693,2232,0.0005388898868331237
694,2231,0.0005388898868331237
695,2230,0.0005388898868331237
696,2229,0.0005388898868331237
697,2228,0.0005388898868331237
698,2227,0.0005388898868331237
699,2226,0.0005388898868331237
700,2225,0.0005388898868331237
701,2224,0.0005388898868331237
702,2223,0.0005388898868331237
703,2222,0.0005388898868331237
704,2221,0.0005388898868331237
705,2220,0.0005388898868331237
706,2219,0.0005388898868331237
707,2218,0.0005388898868331237
708,2217,0.0005388898868331237
709,2216,0.0005388898868331237
710,2215,0.0005388898868331237
711,2214,0.0005388898868331237
712,2213,0.0005388898868331237
713,2212,0.0005388898868331237
714,2211,0.0005388898868331237
715,2210,0.0005388898868331237
716,2209,0.0005388898868331237
717,2208,0.0005388898868331237
718,2207,0.0005388898868331237
719,2206,0.0005388898868331237
720,2205,0.0005388898868331237
721,2199,0.0005388898868331237
722,2198,0.0005388898868331237
723,2197,0.0005388898868331237
724,2196,0.0005388898868331237
725,2195,0.0005388898868331237
726,2194,0.0005388898868331237
727,2193,0.0005388898868331237
728,2192,0.0005388898868331237
729,2191,0.0005388898868331237
730,2190,0.0005388898868331237
731,2189,0.0005388898868331237
732,2188,0.0005388898868331237
733,2187,0.0005388898868331237
734,2186,0.0005388898868331237
735,2185,0.0005388898868331237
736,2184,0.0005388898868331237
737,2183,0.0005388898868331237
738,2181,0.0005388898868331237
739,2180,0.0005388898868331237
740,2179,0.0005388898868331237
741,2178,0.0005388898868331237
742,2177,0.0005388898868331237
743,2176,0.0005388898868331237
744,2175,0.0005388898868331237
745,2174,0.0005388898868331237
746,2173,0.0005388898868331237
747,2172,0.0005388898868331237
748,2171,0.0005388898868331237
749,2170,0.0005388898868331237
750,2169,0.0005388898868331237
751,2168,0.0005388898868331237
752,2167,0.0005388898868331237
753,2166,0.0005388898868331237
754,2165,0.0005388898868331237
755,2164,0.0005388898868331237
756,2163,0.0005388898868331237
757,2162,0.0005388898868331237
758,2161,0.0005388898868331237
759,2160,0.0005388898868331237
760,2159,0.0005388898868331237
761,2158,0.0005388898868331237
762,2157,0.0005388898868331237
763,2156,0.0005388898868331237
764,2155,0.0005388898868331237
765,2154,0.0005388898868331237
766,2153,0.0005388898868331237
767,2152,0.0005388898868331237
768,2151,0.0005388898868331237
769,2150,0.0005388898868331237
770,2149,0.0005388898868331237
771,2148,0.0005388898868331237
772,2147,0.0005388898868331237
773,2146,0.0005388898868331237
774,2142,0.0005388898868331237
775,2141,0.0005388898868331237
776,2140,0.0005388898868331237
777,2139,0.0005388898868331237
778,2138,0.0005388898868331237
779,2137,0.0005388898868331237
780,2136,0.0005388898868331237
781,2135,0.0005388898868331237
782,2134,0.0005388898868331237
783,2133,0.0005388898868331237
784,2132,0.0005388898868331237
785,2131,0.0005388898868331237
786,2130,0.0005388898868331237
787,2129,0.0005388898868331237
788,2128,0.0005388898868331237
789,2127,0.0005388898868331237
790,2126,0.0005388898868331237
791,2125,0.0005388898868331237
792,2124,0.0005388898868331237
793,2123,0.0005388898868331237
794,2122,0.0005388898868331237
795,2121,0.0005388898868331237
796,2120,0.0005388898868331237
797,2119,0.0005388898868331237
798,2118,0.0005388898868331237
799,2117,0.0005388898868331237
800,2116,0.0005388898868331237
801,2115,0.0005388898868331237
802,2114,0.0005388898868331237
803,2113,0.0005388898868331237
804,2112,0.0005388898868331237
805,2111,0.0005388898868331237
806,2110,0.0005388898868331237
807,2109,0.0005388898868331237
808,2108,0.0005388898868331237
809,2107,0.0005388898868331237
810,2106,0.0005388898868331237
811,2105,0.0005388898868331237
812,2104,0.0005388898868331237
813,2103,0.0005388898868331237
814,2102,0.0005388898868331237
815,2101,0.0005388898868331237
816,2100,0.0005388898868331237
817,2099,0.0005388898868331237
818,2098,0.0005388898868331237
819,2097,0.0005388898868331237
820,2096,0.0005388898868331237
821,2095,0.0005388898868331237
822,2094,0.0005388898868331237
823,2093,0.0005388898868331237
824,2092,0.0005388898868331237
825,2091,0.0005388898868331237
826,2090,0.0005388898868331237
827,2089,0.0005388898868331237
828,2087,0.0005388898868331237
829,2086,0.0005388898868331237
830,2085,0.0005388898868331237
831,2083,0.0005388898868331237
832,2079,0.0005388898868331237
833,2078,0.0005388898868331237
834,2077,0.0005388898868331237
835,2076,0.0005388898868331237
836,2075,0.0005388898868331237
837,2074,0.0005388898868331237
838,2073,0.0005388898868331237
839,2072,0.0005388898868331237
840,2071,0.0005388898868331237
841,2070,0.0005388898868331237
842,2069,0.0005388898868331237
843,2067,0.0005388898868331237
844,2066,0.0005388898868331237
845,2065,0.0005388898868331237
846,2064,0.0005388898868331237
847,2063,0.0005388898868331237
848,2060,0.0005388898868331237
849,2059,0.0005388898868331237
850,2057,0.0005388898868331237
851,2056,0.0005388898868331237
852,2054,0.0005388898868331237
853,2053,0.0005388898868331237
854,2051,0.0005388898868331237
855,2049,0.0005388898868331237
856,2044,0.0005388898868331237
857,2043,0.0005388898868331237
858,2042,0.0005388898868331237
859,2040,0.0005388898868331237
860,2039,0.0005388898868331237
861,2038,0.0005388898868331237
862,2037,0.0005388898868331237
863,2036,0.0005388898868331237
864,2034,0.0005388898868331237
865,2032,0.0005388898868331237
866,2031,0.0005388898868331237
867,2030,0.0005388898868331237
868,2029,0.0005388898868331237
869,2027,0.0005388898868331237
870,2026,0.0005388898868331237
871,2025,0.0005388898868331237
872,2023,0.0005388898868331237
873,2022,0.0005388898868331237
874,2019,0.0005388898868331237
875,2016,0.0005388898868331237
876,2015,0.0005388898868331237
877,2014,0.0005388898868331237
878,2013,0.0005388898868331237
879,2012,0.0005388898868331237
880,2011,0.0005388898868331237
881,2010,0.0005388898868331237
882,2009,0.0005388898868331237
883,2008,0.0005388898868331237
884,2007,0.0005388898868331237
885,2006,0.0005388898868331237
886,2005,0.0005388898868331237
887,2004,0.0005388898868331237
888,2002,0.0005388898868331237
889,2001,0.0005388898868331237
890,2000,0.0005388898868331237
891,1999,0.0005388898868331237
892,1997,0.0005388898868331237
893,1996,0.0005388898868331237
894,1995,0.0005388898868331237
895,1994,0.0005388898868331237
896,1992,0.0005388898868331237
897,1989,0.0005388898868331237
898,1988,0.0005388898868331237
899,1987,0.0005388898868331237
900,1986,0.0005388898868331237
901,1985,0.0005388898868331237
902,1984,0.0005388898868331237
903,1983,0.0005388898868331237
904,1981,0.0005388898868331237
905,1980,0.0005388898868331237
906,1979,0.0005388898868331237
907,1978,0.0005388898868331237
908,1977,0.0005388898868331237
909,1976,0.0005388898868331237
910,1975,0.0005388898868331237
911,1974,0.0005388898868331237
912,1973,0.0005388898868331237
913,1972,0.0005388898868331237
914,1970,0.0005388898868331237
915,1969,0.0005388898868331237
916,1968,0.0005388898868331237
917,1967,0.0005388898868331237
918,1966,0.0005388898868331237
919,1964,0.0005388898868331237
920,1963,0.0005388898868331237
921,1962,0.0005388898868331237
922,1961,0.0005388898868331237
923,1960,0.0005388898868331237
924,1959,0.0005388898868331237
925,1958,0.0005388898868331237
926,1956,0.0005388898868331237
927,1955,0.0005388898868331237
928,1954,0.0005388898868331237
929,1953,0.0005388898868331237
930,1952,0.0005388898868331237
931,1951,0.0005388898868331237
932,1950,0.0005388898868331237
933,1949,0.0005388898868331237
934,1947,0.0005388898868331237
935,1946,0.0005388898868331237
936,1945,0.0005388898868331237
937,1944,0.0005388898868331237
938,1943,0.0005388898868331237
939,1942,0.0005388898868331237
940,1940,0.0005388898868331237
941,1939,0.0005388898868331237
942,1938,0.0005388898868331237
943,1937,0.0005388898868331237
944,1936,0.0005388898868331237
945,1935,0.0005388898868331237
946,1932,0.0005388898868331237
947,1929,0.0005388898868331237
948,1928,0.0005388898868331237
949,1927,0.0005388898868331237
950,1925,0.0005388898868331237
951,1923,0.0005388898868331237
952,1922,0.0005388898868331237
953,1921,0.0005388898868331237
954,1920,0.0005388898868331237
955,1919,0.0005388898868331237
956,1917,0.0005388898868331237
957,1916,0.0005388898868331237
958,1915,0.0005388898868331237
959,1911,0.0005388898868331237
960,1908,0.0005388898868331237
961,1907,0.0005388898868331237
962,1905,0.0005388898868331237
963,1903,0.0005388898868331237
964,1902,0.0005388898868331237
965,1901,0.0005388898868331237
966,1896,0.0005388898868331237
967,1894,0.0005388898868331237
968,1893,0.0005388898868331237
969,1891,0.0005388898868331237
970,1888,0.0005388898868331237
971,1887,0.0005388898868331237
972,1885,0.0005388898868331237
973,1884,0.0005388898868331237
974,1883,0.0005388898868331237
975,1881,0.0005388898868331237
976,1880,0.0005388898868331237
977,1879,0.0005388898868331237
978,1877,0.0005388898868331237
979,1876,0.0005388898868331237
980,1874,0.0005388898868331237
981,1873,0.0005388898868331237
982,1872,0.0005388898868331237
983,1870,0.0005388898868331237
984,1869,0.0005388898868331237
985,1868,0.0005388898868331237
986,1865,0.0005388898868331237
987,1864,0.0005388898868331237
988,1863,0.0005388898868331237
989,1862,0.0005388898868331237
990,1861,0.0005388898868331237
991,1859,0.0005388898868331237
992,1858,0.0005388898868331237
993,1856,0.0005388898868331237
994,1855,0.0005388898868331237
995,1854,0.0005388898868331237
996,1853,0.0005388898868331237
997,1852,0.0005388898868331237
998,1851,0.0005388898868331237
999,1850,0.0005388898868331237
1000,1849,0.0005388898868331237
1001,1848,0.0005388898868331237
1002,1847,0.0005388898868331237
1003,1845,0.0005388898868331237
1004,1844,0.0005388898868331237
1005,1843,0.0005388898868331237
1006,1841,0.0005388898868331237
1007,1839,0.0005388898868331237
1008,1838,0.0005388898868331237
1009,1837,0.0005388898868331237
1010,1835,0.0005388898868331237
1011,1834,0.0005388898868331237
1012,1833,0.0005388898868331237
1013,1832,0.0005388898868331237
1014,1831,0.0005388898868331237
1015,1830,0.0005388898868331237
1016,1829,0.0005388898868331237
1017,1828,0.0005388898868331237
1018,1827,0.0005388898868331237
1019,1826,0.0005388898868331237
1020,1825,0.0005388898868331237
1021,1824,0.0005388898868331237
1022,1823,0.0005388898868331237
1023,1819,0.0005388898868331237
1024,1818,0.0005388898868331237
1025,1817,0.0005388898868331237
1026,1815,0.0005388898868331237
1027,1814,0.0005388898868331237
1028,1813,0.0005388898868331237
1029,1812,0.0005388898868331237
1030,1811,0.0005388898868331237
1031,1810,0.0005388898868331237
1032,1809,0.0005388898868331237
1033,1808,0.0005388898868331237
1034,1807,0.0005388898868331237
1035,1805,0.0005388898868331237
1036,1804,0.0005388898868331237
1037,1803,0.0005388898868331237
1038,1802,0.0005388898868331237
1039,1801,0.0005388898868331237
1040,1799,0.0005388898868331237
1041,1798,0.0005388898868331237
1042,1796,0.0005388898868331237
1043,1795,0.0005388898868331237
1044,1794,0.0005388898868331237
1045,1793,0.0005388898868331237
1046,1792,0.0005388898868331237
1047,1791,0.0005388898868331237
1048,1790,0.0005388898868331237
1049,1785,0.0005388898868331237
1050,1783,0.0005388898868331237
1051,1782,0.0005388898868331237
1052,1781,0.0005388898868331237
1053,1780,0.0005388898868331237
1054,1779,0.0005388898868331237
1055,1778,0.0005388898868331237
1056,1776,0.0005388898868331237
1057,1775,0.0005388898868331237
1058,1774,0.0005388898868331237
1059,1773,0.0005388898868331237
1060,1772,0.0005388898868331237
1061,1771,0.0005388898868331237
1062,1770,0.0005388898868331237
1063,1769,0.0005388898868331237
1064,1768,0.0005388898868331237
1065,1766,0.0005388898868331237
1066,1765,0.0005388898868331237
1067,1763,0.0005388898868331237
1068,1762,0.0005388898868331237
1069,1761,0.0005388898868331237
1070,1760,0.0005388898868331237
1071,1759,0.0005388898868331237
1072,1758,0.0005388898868331237
1073,1757,0.0005388898868331237
1074,1756,0.0005388898868331237
1075,1753,0.0005388898868331237
1076,1752,0.0005388898868331237
1077,1749,0.0005388898868331237
1078,1747,0.0005388898868331237
1079,1746,0.0005388898868331237
1080,1745,0.0005388898868331237
1081,1744,0.0005388898868331237
1082,1739,0.0005388898868331237
1083,164,0.0005388898868331237
1084,1380,0.0005388898868331237
1085,1093,0.0005388898868331237
1086,1090,0.0005388898868331237
1087,1089,0.0005388898868331237
1088,1074,0.0005388898868331237
1089,1073,0.0005388898868331237
1090,1045,0.0005388898868331237
1091,1031,0.0005388898868331237
1092,1030,0.0005388898868331237
1093,1026,0.0005388898868331237
1094,1016,0.0005388898868331237
1095,98,0.0005388898868331237
1096,97,0.0005388898868331237
1097,90,0.0005388898868331237
1098,835,0.0005388898868331237
1099,829,0.0005388898868331237
1100,821,0.0005388898868331237
1101,82,0.0005388898868331237
1102,809,0.0005388898868331237
1103,802,0.0005388898868331237
1104,799,0.0005388898868331237
1105,774,0.0005388898868331237
1106,772,0.0005388898868331237
1107,767,0.0005388898868331237
1108,742,0.0005388898868331237
1109,737,0.0005388898868331237
1110,734,0.0005388898868331237
1111,732,0.0005388898868331237
1112,729,0.0005388898868331237
1113,725,0.0005388898868331237
1114,720,0.0005388898868331237
1115,69,0.0005388898868331237
1116,686,0.0005388898868331237
1117,685,0.0005388898868331237
1118,669,0.0005388898868331237
1119,667,0.0005388898868331237
1120,666,0.0005388898868331237
1121,658,0.0005388898868331237
1122,657,0.0005388898868331237
1123,644,0.0005388898868331237
1124,619,0.0005388898868331237
1125,610,0.0005388898868331237
1126,600,0.0005388898868331237
1127,60,0.0005388898868331237
1128,599,0.0005388898868331237
1129,574,0.0005388898868331237
1130,573,0.0005388898868331237
1131,570,0.0005388898868331237
1132,565,0.0005388898868331237
1133,555,0.0005388898868331237
1134,539,0.0005388898868331237
1135,534,0.0005388898868331237
1136,531,0.0005388898868331237
1137,522,0.0005388898868331237
1138,52,0.0005388898868331237
1139,517,0.0005388898868331237
1140,506,0.0005388898868331237
1141,471,0.0005388898868331237
1142,467,0.0005388898868331237
1143,462,0.0005388898868331237
1144,456,0.0005388898868331237
1145,455,0.0005388898868331237
1146,447,0.0005388898868331237
1147,444,0.0005388898868331237
1148,426,0.0005388898868331237
1149,422,0.0005388898868331237
1150,416,0.0005388898868331237
1151,372,0.0005388898868331237
1152,353,0.0005388898868331237
1153,331,0.0005388898868331237
1154,315,0.0005388898868331237
1155,2760,0.0005388898868331237
1156,2759,0.0005388898868331237
1157,2758,0.0005388898868331237
1158,2753,0.0005388898868331237
1159,2751,0.0005388898868331237
1160,2750,0.0005388898868331237
1161,2745,0.0005388898868331237
1162,2739,0.0005388898868331237
1163,2737,0.0005388898868331237
1164,2729,0.0005388898868331237
1165,2726,0.0005388898868331237
1166,2724,0.0005388898868331237
1167,2723,0.0005388898868331237
1168,2717,0.0005388898868331237
1169,2716,0.0005388898868331237
1170,2715,0.0005388898868331237
1171,2707,0.0005388898868331237
1172,2706,0.0005388898868331237
1173,2703,0.0005388898868331237
1174,2698,0.0005388898868331237
1175,2693,0.0005388898868331237
1176,2692,0.0005388898868331237
1177,2689,0.0005388898868331237
1178,2679,0.0005388898868331237
1179,2677,0.0005388898868331237
1180,2660,0.0005388898868331237
1181,2649,0.0005388898868331237
1182,2647,0.0005388898868331237
1183,2642,0.0005388898868331237
1184,2634,0.0005388898868331237
1185,2633,0.0005388898868331237
1186,2630,0.0005388898868331237
1187,2629,0.0005388898868331237
1188,2625,0.0005388898868331237
1189,2621,0.0005388898868331237
1190,2620,0.0005388898868331237
1191,2619,0.0005388898868331237
1192,2616,0.0005388898868331237
1193,2613,0.0005388898868331237
1194,2604,0.0005388898868331237
1195,2594,0.0005388898868331237
1196,2582,0.0005388898868331237
1197,2581,0.0005388898868331237
1198,2576,0.0005388898868331237
1199,2573,0.0005388898868331237
1200,2572,0.0005388898868331237
1201,2569,0.0005388898868331237
1202,2567,0.0005388898868331237
1203,2563,0.0005388898868331237
1204,2557,0.0005388898868331237
1205,2556,0.0005388898868331237
1206,2555,0.0005388898868331237
1207,2554,0.0005388898868331237
1208,2553,0.0005388898868331237
1209,2551,0.0005388898868331237
1210,2549,0.0005388898868331237
1211,2547,0.0005388898868331237
1212,2546,0.0005388898868331237
1213,2542,0.0005388898868331237
1214,2539,0.0005388898868331237
1215,2538,0.0005388898868331237
1216,2530,0.0005388898868331237
1217,2528,0.0005388898868331237
1218,2526,0.0005388898868331237
1219,2525,0.0005388898868331237
1220,2523,0.0005388898868331237
1221,2515,0.0005388898868331237
1222,2509,0.0005388898868331237
1223,2505,0.0005388898868331237
1224,2499,0.0005388898868331237
1225,2492,0.0005388898868331237
1226,2488,0.0005388898868331237
1227,2475,0.0005388898868331237
1228,2474,0.0005388898868331237
1229,2473,0.0005388898868331237
1230,2471,0.0005388898868331237
1231,2466,0.0005388898868331237
1232,2463,0.0005388898868331237
1233,2458,0.0005388898868331237
1234,2457,0.0005388898868331237
1235,2452,0.0005388898868331237
1236,2446,0.0005388898868331237
1237,2429,0.0005388898868331237
1238,2394,0.0005388898868331237
1239,2392,0.0005388898868331237
1240,2380,0.0005388898868331237
1241,2374,0.0005388898868331237
1242,2373,0.0005388898868331237
1243,2367,0.0005388898868331237
1244,2364,0.0005388898868331237
1245,2363,0.0005388898868331237
1246,2355,0.0005388898868331237
1247,2346,0.0005388898868331237
1248,2342,0.0005388898868331237
1249,2341,0.0005388898868331237
1250,2339,0.0005388898868331237
1251,2319,0.0005388898868331237
1252,2317,0.0005388898868331237
1253,2311,0.0005388898868331237
1254,2305,0.0005388898868331237
1255,2304,0.0005388898868331237
1256,2303,0.0005388898868331237
1257,2300,0.0005388898868331237
1258,2284,0.0005388898868331237
1259,2280,0.0005388898868331237
1260,2277,0.0005388898868331237
1261,2272,0.0005388898868331237
1262,2266,0.0005388898868331237
1263,2262,0.0005388898868331237
1264,2204,0.0005388898868331237
1265,2203,0.0005388898868331237
1266,2202,0.0005388898868331237
1267,2201,0.0005388898868331237
1268,2200,0.0005388898868331237
1269,2182,0.0005388898868331237
1270,2145,0.0005388898868331237
1271,2144,0.0005388898868331237
1272,2143,0.0005388898868331237
1273,2088,0.0005388898868331237
1274,2084,0.0005388898868331237
1275,2082,0.0005388898868331237
1276,2081,0.0005388898868331237
1277,2080,0.0005388898868331237
1278,2068,0.0005388898868331237
1279,2062,0.0005388898868331237
1280,2061,0.0005388898868331237
1281,2058,0.0005388898868331237
1282,2055,0.0005388898868331237
1283,2052,0.0005388898868331237
1284,2050,0.0005388898868331237
1285,2048,0.0005388898868331237
1286,2047,0.0005388898868331237
1287,2046,0.0005388898868331237
1288,2045,0.0005388898868331237
1289,2041,0.0005388898868331237
1290,2035,0.0005388898868331237
1291,2033,0.0005388898868331237
1292,2028,0.0005388898868331237
1293,2024,0.0005388898868331237
1294,2021,0.0005388898868331237
1295,2020,0.0005388898868331237
1296,2018,0.0005388898868331237
1297,2017,0.0005388898868331237
1298,2003,0.0005388898868331237
1299,1998,0.0005388898868331237
1300,1993,0.0005388898868331237
1301,1991,0.0005388898868331237
1302,1990,0.0005388898868331237
1303,1982,0.0005388898868331237
1304,1971,0.0005388898868331237
1305,1965,0.0005388898868331237
1306,1957,0.0005388898868331237
1307,1948,0.0005388898868331237
1308,1941,0.0005388898868331237
1309,1934,0.0005388898868331237
1310,1933,0.0005388898868331237
1311,1931,0.0005388898868331237
1312,1930,0.0005388898868331237
1313,1926,0.0005388898868331237
1314,1924,0.0005388898868331237
1315,1918,0.0005388898868331237
1316,1914,0.0005388898868331237
1317,1913,0.0005388898868331237
1318,1912,0.0005388898868331237
1319,1910,0.0005388898868331237
1320,1909,0.0005388898868331237
1321,1906,0.0005388898868331237
1322,1904,0.0005388898868331237
1323,1900,0.0005388898868331237
1324,1899,0.0005388898868331237
1325,1898,0.0005388898868331237
1326,1897,0.0005388898868331237
1327,1895,0.0005388898868331237
1328,1892,0.0005388898868331237
1329,1890,0.0005388898868331237
1330,1889,0.0005388898868331237
1331,1886,0.0005388898868331237
1332,1882,0.0005388898868331237
1333,1878,0.0005388898868331237
1334,1875,0.0005388898868331237
1335,1871,0.0005388898868331237
1336,1867,0.0005388898868331237
1337,1866,0.0005388898868331237
1338,1860,0.0005388898868331237
1339,1857,0.0005388898868331237
1340,1846,0.0005388898868331237
1341,1842,0.0005388898868331237
1342,1840,0.0005388898868331237
1343,1836,0.0005388898868331237
1344,1822,0.0005388898868331237
1345,1821,0.0005388898868331237
1346,1820,0.0005388898868331237
1347,1816,0.0005388898868331237
1348,1806,0.0005388898868331237
1349,1800,0.0005388898868331237
1350,1797,0.0005388898868331237
1351,1789,0.0005388898868331237
1352,1788,0.0005388898868331237
1353,1787,0.0005388898868331237
1354,1786,0.0005388898868331237
1355,1784,0.0005388898868331237
1356,1777,0.0005388898868331237
1357,1767,0.0005388898868331237
1358,1764,0.0005388898868331237
1359,1755,0.0005388898868331237
1360,1754,0.0005388898868331237
1361,1751,0.0005388898868331237
1362,1750,0.0005388898868331237
1363,1748,0.0005388898868331237
1364,1743,0.0005388898868331237
1365,1742,0.0005388898868331237
1366,1741,0.0005388898868331237
1367,1740,0.0005388898868331237
1368,141,0.0005388898868331237
1369,1404,0.0005388898868331237
1370,1239,0.0005388898868331237
1371,986,0.00035925992455541585
1372,985,0.00035925992455541585
1373,981,0.00035925992455541585
1374,980,0.00035925992455541585
1375,976,0.00035925992455541585
1376,975,0.00035925992455541585
1377,973,0.00035925992455541585
1378,972,0.00035925992455541585
1379,969,0.00035925992455541585
1380,968,0.00035925992455541585
1381,965,0.00035925992455541585
1382,959,0.00035925992455541585
1383,958,0.00035925992455541585
1384,957,0.00035925992455541585
1385,956,0.00035925992455541585
1386,953,0.00035925992455541585
1387,951,0.00035925992455541585
1388,949,0.00035925992455541585
1389,947,0.00035925992455541585
1390,946,0.00035925992455541585
1391,945,0.00035925992455541585
1392,938,0.00035925992455541585
1393,937,0.00035925992455541585
1394,931,0.00035925992455541585
1395,930,0.00035925992455541585
1396,928,0.00035925992455541585
1397,927,0.00035925992455541585
1398,916,0.00035925992455541585
1399,915,0.00035925992455541585
1400,914,0.00035925992455541585
1401,908,0.00035925992455541585
1402,861,0.00035925992455541585
1403,848,0.00035925992455541585
1404,762,0.00035925992455541585
1405,761,0.00035925992455541585
1406,754,0.00035925992455541585
1407,607,0.00035925992455541585
1408,497,0.00035925992455541585
1409,496,0.00035925992455541585
1410,44,0.00035925992455541585
1411,298,0.00035925992455541585
1412,2827,0.00035925992455541585
1413,2823,0.00035925992455541585
1414,2822,0.00035925992455541585
1415,2817,0.00035925992455541585
1416,2816,0.00035925992455541585
1417,2814,0.00035925992455541585
1418,2813,0.00035925992455541585
1419,2812,0.00035925992455541585
1420,2811,0.00035925992455541585
1421,2810,0.00035925992455541585
1422,2809,0.00035925992455541585
1423,2807,0.00035925992455541585
1424,2806,0.00035925992455541585
1425,2805,0.00035925992455541585
1426,2804,0.00035925992455541585
1427,2803,0.00035925992455541585
1428,2802,0.00035925992455541585
1429,2801,0.00035925992455541585
1430,2800,0.00035925992455541585
1431,2799,0.00035925992455541585
1432,2798,0.00035925992455541585
1433,2797,0.00035925992455541585
1434,2796,0.00035925992455541585
1435,2795,0.00035925992455541585
1436,2791,0.00035925992455541585
1437,2790,0.00035925992455541585
1438,2789,0.00035925992455541585
1439,2788,0.00035925992455541585
1440,2786,0.00035925992455541585
1441,2785,0.00035925992455541585
1442,2784,0.00035925992455541585
1443,2783,0.00035925992455541585
1444,2782,0.00035925992455541585
1445,2781,0.00035925992455541585
1446,2780,0.00035925992455541585
1447,278,0.00035925992455541585
1448,2779,0.00035925992455541585
1449,2778,0.00035925992455541585
1450,2777,0.00035925992455541585
1451,2776,0.00035925992455541585
1452,2775,0.00035925992455541585
1453,2774,0.00035925992455541585
1454,2773,0.00035925992455541585
1455,2772,0.00035925992455541585
1456,2771,0.00035925992455541585
1457,2770,0.00035925992455541585
1458,2769,0.00035925992455541585
1459,2768,0.00035925992455541585
1460,2767,0.00035925992455541585
1461,2766,0.00035925992455541585
1462,2765,0.00035925992455541585
1463,2764,0.00035925992455541585
1464,276,0.00035925992455541585
1465,2700,0.00035925992455541585
1466,2699,0.00035925992455541585
1467,2671,0.00035925992455541585
1468,2670,0.00035925992455541585
1469,261,0.00035925992455541585
1470,259,0.00035925992455541585
1471,256,0.00035925992455541585
1472,254,0.00035925992455541585
1473,2415,0.00035925992455541585
1474,1738,0.00035925992455541585
1475,1737,0.00035925992455541585
1476,1736,0.00035925992455541585
1477,1735,0.00035925992455541585
1478,1734,0.00035925992455541585
1479,1733,0.00035925992455541585
1480,1732,0.00035925992455541585
1481,1731,0.00035925992455541585
1482,1730,0.00035925992455541585
1483,1729,0.00035925992455541585
1484,1728,0.00035925992455541585
1485,1727,0.00035925992455541585
1486,1726,0.00035925992455541585
1487,1725,0.00035925992455541585
1488,1724,0.00035925992455541585
1489,1723,0.00035925992455541585
1490,1722,0.00035925992455541585
1491,1721,0.00035925992455541585
1492,1720,0.00035925992455541585
1493,1719,0.00035925992455541585
1494,1718,0.00035925992455541585
1495,1717,0.00035925992455541585
1496,1716,0.00035925992455541585
1497,1715,0.00035925992455541585
1498,1714,0.00035925992455541585
1499,1713,0.00035925992455541585
1500,1712,0.00035925992455541585
1501,1711,0.00035925992455541585
1502,1710,0.00035925992455541585
1503,1709,0.00035925992455541585
1504,1708,0.00035925992455541585
1505,1707,0.00035925992455541585
1506,1706,0.00035925992455541585
1507,1705,0.00035925992455541585
1508,1704,0.00035925992455541585
1509,1703,0.00035925992455541585
1510,1702,0.00035925992455541585
1511,1701,0.00035925992455541585
1512,1700,0.00035925992455541585
1513,1699,0.00035925992455541585
1514,1698,0.00035925992455541585
1515,1697,0.00035925992455541585
1516,1696,0.00035925992455541585
1517,1695,0.00035925992455541585
1518,1694,0.00035925992455541585
1519,1693,0.00035925992455541585
1520,1692,0.00035925992455541585
1521,1691,0.00035925992455541585
1522,1690,0.00035925992455541585
1523,1688,0.00035925992455541585
1524,1687,0.00035925992455541585
1525,1686,0.00035925992455541585
1526,1685,0.00035925992455541585
1527,1684,0.00035925992455541585
1528,1683,0.00035925992455541585
1529,1682,0.00035925992455541585
1530,1681,0.00035925992455541585
1531,1680,0.00035925992455541585
1532,1679,0.00035925992455541585
1533,1678,0.00035925992455541585
1534,1676,0.00035925992455541585
1535,1675,0.00035925992455541585
1536,1674,0.00035925992455541585
1537,1673,0.00035925992455541585
1538,1672,0.00035925992455541585
1539,1671,0.00035925992455541585
1540,1670,0.00035925992455541585
1541,1669,0.00035925992455541585
1542,1668,0.00035925992455541585
1543,1667,0.00035925992455541585
1544,1666,0.00035925992455541585
1545,1665,0.00035925992455541585
1546,1663,0.00035925992455541585
1547,1662,0.00035925992455541585
1548,1661,0.00035925992455541585
1549,1660,0.00035925992455541585
1550,1659,0.00035925992455541585
1551,1658,0.00035925992455541585
1552,1657,0.00035925992455541585
1553,1656,0.00035925992455541585
1554,1655,0.00035925992455541585
1555,1654,0.00035925992455541585
1556,1653,0.00035925992455541585
1557,1651,0.00035925992455541585
1558,1650,0.00035925992455541585
1559,1648,0.00035925992455541585
1560,1647,0.00035925992455541585
1561,1644,0.00035925992455541585
1562,1643,0.00035925992455541585
1563,1642,0.00035925992455541585
1564,1641,0.00035925992455541585
1565,1639,0.00035925992455541585
1566,1638,0.00035925992455541585
1567,1637,0.00035925992455541585
1568,1636,0.00035925992455541585
1569,1635,0.00035925992455541585
1570,1634,0.00035925992455541585
1571,1633,0.00035925992455541585
1572,1632,0.00035925992455541585
1573,1631,0.00035925992455541585
1574,1630,0.00035925992455541585
1575,1629,0.00035925992455541585
1576,1628,0.00035925992455541585
1577,1627,0.00035925992455541585
1578,1626,0.00035925992455541585
1579,1624,0.00035925992455541585
1580,1622,0.00035925992455541585
1581,1621,0.00035925992455541585
1582,1620,0.00035925992455541585
1583,1619,0.00035925992455541585
1584,1618,0.00035925992455541585
1585,1617,0.00035925992455541585
1586,1616,0.00035925992455541585
1587,1615,0.00035925992455541585
1588,1614,0.00035925992455541585
1589,1612,0.00035925992455541585
1590,1611,0.00035925992455541585
1591,1609,0.00035925992455541585
1592,1608,0.00035925992455541585
1593,1607,0.00035925992455541585
1594,1604,0.00035925992455541585
1595,1603,0.00035925992455541585
1596,1602,0.00035925992455541585
1597,1601,0.00035925992455541585
1598,1599,0.00035925992455541585
1599,1598,0.00035925992455541585
1600,1596,0.00035925992455541585
1601,1594,0.00035925992455541585
1602,1593,0.00035925992455541585
1603,1592,0.00035925992455541585
1604,1591,0.00035925992455541585
1605,1590,0.00035925992455541585
1606,1589,0.00035925992455541585
1607,1588,0.00035925992455541585
1608,1586,0.00035925992455541585
1609,1585,0.00035925992455541585
1610,1584,0.00035925992455541585
1611,1583,0.00035925992455541585
1612,1582,0.00035925992455541585
1613,1581,0.00035925992455541585
1614,1580,0.00035925992455541585
1615,1579,0.00035925992455541585
1616,1578,0.00035925992455541585
1617,1576,0.00035925992455541585
1618,1575,0.00035925992455541585
1619,1573,0.00035925992455541585
1620,1572,0.00035925992455541585
1621,1571,0.00035925992455541585
1622,1570,0.00035925992455541585
1623,1569,0.00035925992455541585
1624,1568,0.00035925992455541585
1625,1567,0.00035925992455541585
1626,1566,0.00035925992455541585
1627,1565,0.00035925992455541585
1628,1564,0.00035925992455541585
1629,1563,0.00035925992455541585
1630,1562,0.00035925992455541585
1631,1561,0.00035925992455541585
1632,1560,0.00035925992455541585
1633,1559,0.00035925992455541585
1634,1557,0.00035925992455541585
1635,1556,0.00035925992455541585
1636,1555,0.00035925992455541585
1637,1554,0.00035925992455541585
1638,1553,0.00035925992455541585
1639,1552,0.00035925992455541585
1640,1551,0.00035925992455541585
1641,1549,0.00035925992455541585
1642,1548,0.00035925992455541585
1643,1547,0.00035925992455541585
1644,1544,0.00035925992455541585
1645,1542,0.00035925992455541585
1646,1540,0.00035925992455541585
1647,1539,0.00035925992455541585
1648,1538,0.00035925992455541585
1649,1536,0.00035925992455541585
1650,1535,0.00035925992455541585
1651,1534,0.00035925992455541585
1652,1532,0.00035925992455541585
1653,1531,0.00035925992455541585
1654,1526,0.00035925992455541585
1655,1525,0.00035925992455541585
1656,1524,0.00035925992455541585
1657,1522,0.00035925992455541585
1658,1521,0.00035925992455541585
1659,1519,0.00035925992455541585
1660,1518,0.00035925992455541585
1661,1517,0.00035925992455541585
1662,1516,0.00035925992455541585
1663,1515,0.00035925992455541585
1664,1513,0.00035925992455541585
1665,1512,0.00035925992455541585
1666,1511,0.00035925992455541585
1667,1510,0.00035925992455541585
1668,1509,0.00035925992455541585
1669,1508,0.00035925992455541585
1670,1506,0.00035925992455541585
1671,1504,0.00035925992455541585
1672,1502,0.00035925992455541585
1673,1499,0.00035925992455541585
1674,1498,0.00035925992455541585
1675,1497,0.00035925992455541585
1676,1495,0.00035925992455541585
1677,1494,0.00035925992455541585
1678,1493,0.00035925992455541585
1679,1492,0.00035925992455541585
1680,1491,0.00035925992455541585
1681,1489,0.00035925992455541585
1682,1488,0.00035925992455541585
1683,1486,0.00035925992455541585
1684,1485,0.00035925992455541585
1685,1484,0.00035925992455541585
1686,1480,0.00035925992455541585
1687,1478,0.00035925992455541585
1688,1476,0.00035925992455541585
1689,1475,0.00035925992455541585
1690,1473,0.00035925992455541585
1691,1470,0.00035925992455541585
1692,1469,0.00035925992455541585
1693,1468,0.00035925992455541585
1694,1467,0.00035925992455541585
1695,1466,0.00035925992455541585
1696,1462,0.00035925992455541585
1697,1461,0.00035925992455541585
1698,1460,0.00035925992455541585
1699,1458,0.00035925992455541585
1700,1456,0.00035925992455541585
1701,1455,0.00035925992455541585
1702,1453,0.00035925992455541585
1703,1452,0.00035925992455541585
1704,1451,0.00035925992455541585
1705,1450,0.00035925992455541585
1706,1449,0.00035925992455541585
1707,1448,0.00035925992455541585
1708,1447,0.00035925992455541585
1709,1446,0.00035925992455541585
1710,1445,0.00035925992455541585
1711,1444,0.00035925992455541585
1712,1443,0.00035925992455541585
1713,1442,0.00035925992455541585
1714,1441,0.00035925992455541585
1715,1440,0.00035925992455541585
1716,1439,0.00035925992455541585
1717,1438,0.00035925992455541585
1718,1437,0.00035925992455541585
1719,1436,0.00035925992455541585
1720,1435,0.00035925992455541585
1721,1434,0.00035925992455541585
1722,1432,0.00035925992455541585
1723,1431,0.00035925992455541585
1724,1430,0.00035925992455541585
1725,1429,0.00035925992455541585
1726,1428,0.00035925992455541585
1727,1427,0.00035925992455541585
1728,1426,0.00035925992455541585
1729,1425,0.00035925992455541585
1730,1424,0.00035925992455541585
1731,1423,0.00035925992455541585
1732,1422,0.00035925992455541585
1733,1392,0.00035925992455541585
1734,1357,0.00035925992455541585
1735,1355,0.00035925992455541585
1736,1242,0.00035925992455541585
1737,1125,0.00035925992455541585
1738,1123,0.00035925992455541585
1739,1122,0.00035925992455541585
1740,1121,0.00035925992455541585
1741,1114,0.00035925992455541585
1742,1106,0.00035925992455541585
1743,1105,0.00035925992455541585
1744,1104,0.00035925992455541585
1745,1103,0.00035925992455541585
1746,1098,0.00035925992455541585
1747,1097,0.00035925992455541585
1748,1096,0.00035925992455541585
1749,1095,0.00035925992455541585
1750,1092,0.00035925992455541585
1751,1091,0.00035925992455541585
1752,1085,0.00035925992455541585
1753,1081,0.00035925992455541585
1754,1077,0.00035925992455541585
1755,1076,0.00035925992455541585
1756,1051,0.00035925992455541585
1757,1047,0.00035925992455541585
1758,1040,0.00035925992455541585
1759,1038,0.00035925992455541585
1760,1037,0.00035925992455541585
1761,1036,0.00035925992455541585
1762,1035,0.00035925992455541585
1763,1034,0.00035925992455541585
1764,1033,0.00035925992455541585
1765,1032,0.00035925992455541585
1766,1029,0.00035925992455541585
1767,1028,0.00035925992455541585
1768,1027,0.00035925992455541585
1769,1024,0.00035925992455541585
1770,1023,0.00035925992455541585
1771,1022,0.00035925992455541585
1772,1019,0.00035925992455541585
1773,1017,0.00035925992455541585
1774,1013,0.00035925992455541585
1775,1012,0.00035925992455541585
1776,1011,0.00035925992455541585
1777,1008,0.00035925992455541585
1778,1007,0.00035925992455541585
1779,1004,0.00035925992455541585
1780,1003,0.00035925992455541585
1781,1000,0.00035925992455541585
1782,10,0.00035925992455541585
1783,95,0.00035925992455541585
1784,94,0.00035925992455541585
1785,93,0.00035925992455541585
1786,92,0.00035925992455541585
1787,91,0.00035925992455541585
1788,865,0.00035925992455541585
1789,864,0.00035925992455541585
1790,858,0.00035925992455541585
1791,852,0.00035925992455541585
1792,85,0.00035925992455541585
1793,844,0.00035925992455541585
1794,843,0.00035925992455541585
1795,842,0.00035925992455541585
1796,84,0.00035925992455541585
1797,830,0.00035925992455541585
1798,83,0.00035925992455541585
1799,828,0.00035925992455541585
1800,823,0.00035925992455541585
1801,811,0.00035925992455541585
1802,810,0.00035925992455541585
1803,804,0.00035925992455541585
1804,800,0.00035925992455541585
1805,80,0.00035925992455541585
1806,8,0.00035925992455541585
1807,798,0.00035925992455541585
1808,791,0.00035925992455541585
1809,79,0.00035925992455541585
1810,786,0.00035925992455541585
1811,781,0.00035925992455541585
1812,780,0.00035925992455541585
1813,779,0.00035925992455541585
1814,778,0.00035925992455541585
1815,777,0.00035925992455541585
1816,775,0.00035925992455541585
1817,773,0.00035925992455541585
1818,768,0.00035925992455541585
1819,744,0.00035925992455541585
1820,743,0.00035925992455541585
1821,738,0.00035925992455541585
1822,731,0.00035925992455541585
1823,73,0.00035925992455541585
1824,715,0.00035925992455541585
1825,710,0.00035925992455541585
1826,71,0.00035925992455541585
1827,702,0.00035925992455541585
1828,697,0.00035925992455541585
1829,691,0.00035925992455541585
1830,690,0.00035925992455541585
1831,689,0.00035925992455541585
1832,671,0.00035925992455541585
1833,661,0.00035925992455541585
1834,660,0.00035925992455541585
1835,655,0.00035925992455541585
1836,654,0.00035925992455541585
1837,65,0.00035925992455541585
1838,649,0.00035925992455541585
1839,648,0.00035925992455541585
1840,645,0.00035925992455541585
1841,642,0.00035925992455541585
1842,640,0.00035925992455541585
1843,638,0.00035925992455541585
1844,636,0.00035925992455541585
1845,620,0.00035925992455541585
1846,62,0.00035925992455541585
1847,616,0.00035925992455541585
1848,61,0.00035925992455541585
1849,609,0.00035925992455541585
1850,602,0.00035925992455541585
1851,601,0.00035925992455541585
1852,597,0.00035925992455541585
1853,596,0.00035925992455541585
1854,595,0.00035925992455541585
1855,594,0.00035925992455541585
1856,593,0.00035925992455541585
1857,592,0.00035925992455541585
1858,590,0.00035925992455541585
1859,589,0.00035925992455541585
1860,585,0.00035925992455541585
1861,582,0.00035925992455541585
1862,58,0.00035925992455541585
1863,571,0.00035925992455541585
1864,57,0.00035925992455541585
1865,560,0.00035925992455541585
1866,559,0.00035925992455541585
1867,558,0.00035925992455541585
1868,557,0.00035925992455541585
1869,556,0.00035925992455541585
1870,55,0.00035925992455541585
1871,547,0.00035925992455541585
1872,542,0.00035925992455541585
1873,541,0.00035925992455541585
1874,540,0.00035925992455541585
1875,54,0.00035925992455541585
1876,538,0.00035925992455541585
1877,537,0.00035925992455541585
1878,536,0.00035925992455541585
1879,535,0.00035925992455541585
1880,533,0.00035925992455541585
1881,525,0.00035925992455541585
1882,512,0.00035925992455541585
1883,507,0.00035925992455541585
1884,501,0.00035925992455541585
1885,500,0.00035925992455541585
1886,494,0.00035925992455541585
1887,49,0.00035925992455541585
1888,489,0.00035925992455541585
1889,484,0.00035925992455541585
1890,479,0.00035925992455541585
1891,474,0.00035925992455541585
1892,457,0.00035925992455541585
1893,454,0.00035925992455541585
1894,453,0.00035925992455541585
1895,452,0.00035925992455541585
1896,446,0.00035925992455541585
1897,445,0.00035925992455541585
1898,436,0.00035925992455541585
1899,431,0.00035925992455541585
1900,430,0.00035925992455541585
1901,43,0.00035925992455541585
1902,429,0.00035925992455541585
1903,428,0.00035925992455541585
1904,427,0.00035925992455541585
1905,424,0.00035925992455541585
1906,423,0.00035925992455541585
1907,417,0.00035925992455541585
1908,406,0.00035925992455541585
1909,402,0.00035925992455541585
1910,374,0.00035925992455541585
1911,373,0.00035925992455541585
1912,370,0.00035925992455541585
1913,358,0.00035925992455541585
1914,357,0.00035925992455541585
1915,354,0.00035925992455541585
1916,352,0.00035925992455541585
1917,332,0.00035925992455541585
1918,317,0.00035925992455541585
1919,316,0.00035925992455541585
1920,3,0.00035925992455541585
1921,294,0.00035925992455541585
1922,293,0.00035925992455541585
1923,292,0.00035925992455541585
1924,2831,0.00035925992455541585
1925,2830,0.00035925992455541585
1926,2829,0.00035925992455541585
1927,2794,0.00035925992455541585
1928,24,0.00035925992455541585
1929,190,0.00035925992455541585
1930,1689,0.00035925992455541585
1931,1677,0.00035925992455541585
1932,1664,0.00035925992455541585
1933,1652,0.00035925992455541585
1934,1649,0.00035925992455541585
1935,1646,0.00035925992455541585
1936,1645,0.00035925992455541585
1937,1640,0.00035925992455541585
1938,163,0.00035925992455541585
1939,1625,0.00035925992455541585
1940,1623,0.00035925992455541585
1941,162,0.00035925992455541585
1942,1613,0.00035925992455541585
1943,1610,0.00035925992455541585
1944,161,0.00035925992455541585
1945,1606,0.00035925992455541585
1946,1605,0.00035925992455541585
1947,1600,0.00035925992455541585
1948,1597,0.00035925992455541585
1949,1595,0.00035925992455541585
1950,159,0.00035925992455541585
1951,1587,0.00035925992455541585
1952,1577,0.00035925992455541585
1953,1574,0.00035925992455541585
1954,156,0.00035925992455541585
1955,1558,0.00035925992455541585
1956,1550,0.00035925992455541585
1957,1546,0.00035925992455541585
1958,1545,0.00035925992455541585
1959,1543,0.00035925992455541585
1960,1541,0.00035925992455541585
1961,1537,0.00035925992455541585
1962,1533,0.00035925992455541585
1963,1530,0.00035925992455541585
1964,1529,0.00035925992455541585
1965,1528,0.00035925992455541585
1966,1527,0.00035925992455541585
1967,1523,0.00035925992455541585
1968,1520,0.00035925992455541585
1969,1514,0.00035925992455541585
1970,1507,0.00035925992455541585
1971,1505,0.00035925992455541585
1972,1503,0.00035925992455541585
1973,1501,0.00035925992455541585
1974,1500,0.00035925992455541585
1975,1496,0.00035925992455541585
1976,1490,0.00035925992455541585
1977,1487,0.00035925992455541585
1978,1483,0.00035925992455541585
1979,1482,0.00035925992455541585
1980,1481,0.00035925992455541585
1981,1479,0.00035925992455541585
1982,1477,0.00035925992455541585
1983,1474,0.00035925992455541585
1984,1472,0.00035925992455541585
1985,1471,0.00035925992455541585
1986,147,0.00035925992455541585
1987,1465,0.00035925992455541585
1988,1464,0.00035925992455541585
1989,1463,0.00035925992455541585
1990,1459,0.00035925992455541585
1991,1457,0.00035925992455541585
1992,1454,0.00035925992455541585
1993,145,0.00035925992455541585
1994,144,0.00035925992455541585
1995,1433,0.00035925992455541585
1996,143,0.00035925992455541585
1997,142,0.00035925992455541585
1998,1406,0.00035925992455541585
1999,1399,0.00035925992455541585
2000,1397,0.00035925992455541585
2001,1396,0.00035925992455541585
2002,1394,0.00035925992455541585
2003,1390,0.00035925992455541585
2004,1387,0.00035925992455541585
2005,1384,0.00035925992455541585
2006,1383,0.00035925992455541585
2007,1378,0.00035925992455541585
2008,1366,0.00035925992455541585
2009,1364,0.00035925992455541585
2010,1359,0.00035925992455541585
2011,1358,0.00035925992455541585
2012,134,0.00035925992455541585
2013,133,0.00035925992455541585
2014,132,0.00035925992455541585
2015,129,0.00035925992455541585
2016,128,0.00035925992455541585
2017,126,0.00035925992455541585
2018,125,0.00035925992455541585
2019,1241,0.00035925992455541585
2020,1240,0.00035925992455541585
2021,1226,0.00035925992455541585
2022,122,0.00035925992455541585
2023,117,0.00035925992455541585
2024,1117,0.00035925992455541585
2025,1109,0.00035925992455541585
2026,1102,0.00035925992455541585
2027,1099,0.00035925992455541585
2028,1094,0.00035925992455541585
2029,109,0.00035925992455541585
2030,1088,0.00035925992455541585
2031,1087,0.00035925992455541585
2032,1080,0.00035925992455541585
2033,1046,0.00035925992455541585
2034,100,0.00035925992455541585
2035,1,0.00035925992455541585
