"ChEMBL ID";"Assay Type";"Description";"Organism";"Compounds";"Activities";"BAO Format ID";"BAO Format";"Confidence Score";"Confidence Label";"Strain";"Source";"Tax ID";"Tissue ChEMBL ID";"Tissue Name";"Cell Type";"Subcellular Fraction";"Document ChEMBL ID";"PubMed ID";"DOI";"Year";"Journal";"Volume";"First Page";"Last Page";"Assay Parameters";"Assay Classification L1";"Assay Classification L2";"Assay Classification L3";"Variant Sequence Accession";"Variant Sequence Mutation"
"CHEMBL4708483";"B";"Inhibition of IDH2 R140Q mutant (unknown origin) assessed as reduction in NADPH consumption using alpha-ketoglutarate and NADPH as substrate preincubated with enzyme for 15 mins followed by substrate addition by fluorescence based assay";"Homo sapiens";"36";"36";"BAO_0000357";"single protein format";"9";"9 - Direct single protein target assigned";"";"Scientific Literature";"9606";"";"";"";"";"CHEMBL4706511";"32679449";"10.1016/j.ejmech.2020.112491";"2020";"Eur J Med Chem";"203";"112491";"112491";"";"";"";"";"P48735";"R140Q"
"CHEMBL4628666";"B";"Inhibition of wild type IDH2 (unknown origin)";"Homo sapiens";"7";"7";"BAO_0000357";"single protein format";"9";"9 - Direct single protein target assigned";"";"Scientific Literature";"9606";"";"";"";"";"CHEMBL4627324";"32143887";"10.1016/j.bmcl.2020.127070";"2020";"Bioorg Med Chem Lett";"30";"127070";"127070";"";"";"";"";"";""
"CHEMBL4338883";"B";"Inhibition of full-length C-terminal His6 tagged IDH2 R140Q mutant (1 to 452 residues) (unknown origin) homodimer expressed in Sf9 cells assessed as reduction in NADPH consumption using alpha-ketoglutarate as substrate preincubated for 16 hrs followed by substrate addition and measured after 1 hr by Diaphorase/Resazurin dye based fluorescence assay";"Homo sapiens";"8";"8";"BAO_0000219";"cell-based format";"9";"9 - Direct single protein target assigned";"";"Scientific Literature";"9606";"";"";"Sf9";"";"CHEMBL4334545";"32071674";"10.1021/acsmedchemlett.9b00509";"2020";"ACS Med Chem Lett";"11";"101";"107";"";"";"";"";"P48735";"R140Q"
"CHEMBL4708484";"B";"Inhibition of IDH2 R172K mutant (unknown origin) assessed as reduction in NADPH consumption using alpha-ketoglutarate and NADPH as substrate preincubated with enzyme for 15 mins followed by substrate addition by fluorescence based assay";"Homo sapiens";"36";"36";"BAO_0000357";"single protein format";"9";"9 - Direct single protein target assigned";"";"Scientific Literature";"9606";"";"";"";"";"CHEMBL4706511";"32679449";"10.1016/j.ejmech.2020.112491";"2020";"Eur J Med Chem";"203";"112491";"112491";"";"";"";"";"P48735";"R172K"
"CHEMBL4628664";"B";"Inhibition of IDH1 R132C mutant (unknown origin)";"Homo sapiens";"7";"7";"BAO_0000357";"single protein format";"9";"9 - Direct single protein target assigned";"";"Scientific Literature";"9606";"";"";"";"";"CHEMBL4627324";"32143887";"10.1016/j.bmcl.2020.127070";"2020";"Bioorg Med Chem Lett";"30";"127070";"127070";"";"";"";"";"O75874";"R132C"
"CHEMBL4338881";"B";"Inhibition of full length C-terminal His8 tagged IDH1 R132H mutant (1 to 414 residues) (unknown origin) homodimer expressed in Escherichia coli BE3 cells assessed as reduction in NADPH consumption using alpha-ketoglutarate as substrate after 60 mins by Diaphorase/Resazurin dye based fluorescence assay";"Homo sapiens";"3";"3";"BAO_0000219";"cell-based format";"9";"9 - Direct single protein target assigned";"";"Scientific Literature";"9606";"";"";"";"";"CHEMBL4334545";"32071674";"10.1021/acsmedchemlett.9b00509";"2020";"ACS Med Chem Lett";"11";"101";"107";"";"";"";"";"O75874";"R132H"
"CHEMBL4495582";"F";"SARS-CoV-2 3CL-Pro protease inhibition percentage at 20µM  by FRET kind of response from peptide substrate";"Severe acute respiratory syndrome coronavirus 2";"7218";"8702";"BAO_0000019";"assay format";"9";"9 - Direct single protein target assigned";"";"SARS-CoV-2 Screening Data 2020-21";"2697049";"";"";"";"";"CHEMBL4495564";"None";"10.6019/CHEMBL4495564";"2020";"None";"None";"None";"None";"";"";"";"";"";""
"CHEMBL4309368";"B";"Inhibition of wild type IDH2 (unknown origin)";"Homo sapiens";"1";"1";"BAO_0000357";"single protein format";"9";"9 - Direct single protein target assigned";"";"Scientific Literature";"9606";"";"";"";"";"CHEMBL4308836";"29847930";"10.1021/acs.jmedchem.8b00159";"2018";"J Med Chem";"61";"8981";"9003";"";"";"";"";"";""
"CHEMBL4628662";"B";"Inhibition of IDH2 R140Q mutant (unknown origin)";"Homo sapiens";"21";"23";"BAO_0000357";"single protein format";"9";"9 - Direct single protein target assigned";"";"Scientific Literature";"9606";"";"";"";"";"CHEMBL4627324";"32143887";"10.1016/j.bmcl.2020.127070";"2020";"Bioorg Med Chem Lett";"30";"127070";"127070";"";"";"";"";"P48735";"R140Q"
"CHEMBL4338879";"B";"Inhibition of full length C-terminal His8 tagged IDH1 R132H mutant (1 to 414 residues) (unknown origin) expressed in Escherichia coli BE3 cells/wild type IDH1 (unknown origin) heterodimer assessed as reduction in NADPH consumption using alpha-ketoglutarate as substrate after 60 mins by Diaphorase/Resazurin dye based fluorescence assay";"Homo sapiens";"23";"23";"BAO_0000219";"cell-based format";"0";"0 - Default value - Target unknown or has yet to be assigned";"";"Scientific Literature";"9606";"";"";"";"";"CHEMBL4334545";"32071674";"10.1021/acsmedchemlett.9b00509";"2020";"ACS Med Chem Lett";"11";"101";"107";"";"";"";"";"";""
"CHEMBL4338882";"B";"Inhibition of full length C-terminal His8 tagged IDH1 R132H mutant (1 to 414 residues) (unknown origin) homodimer expressed in Escherichia coli BE3 cells assessed as maximal reduction in NADPH consumption using alpha-ketoglutarate as substrate after 60 mins by Diaphorase/Resazurin dye based fluorescence assay relative to control";"Homo sapiens";"3";"3";"BAO_0000219";"cell-based format";"9";"9 - Direct single protein target assigned";"";"Scientific Literature";"9606";"";"";"";"";"CHEMBL4334545";"32071674";"10.1021/acsmedchemlett.9b00509";"2020";"ACS Med Chem Lett";"11";"101";"107";"";"";"";"";"O75874";"R132H"
"CHEMBL4309370";"B";"Inhibition of IDH2 R140Q mutant (unknown origin) using alpha-KG as substrate after 60 mins in presence of NADPH by resazurin-based assay";"Homo sapiens";"7";"7";"BAO_0000357";"single protein format";"9";"9 - Direct single protein target assigned";"";"Scientific Literature";"9606";"";"";"";"";"CHEMBL4308836";"29847930";"10.1021/acs.jmedchem.8b00159";"2018";"J Med Chem";"61";"8981";"9003";"";"";"";"";"P48735";"R140Q"
"CHEMBL4309373";"B";"Inhibition of IDH2 R140Q mutant (unknown origin) assessed as reduction in NADPH consumption using alpha-KG as substrate incubated for 60 mins by by diaphorase and resazurin dye based assay";"Homo sapiens";"5";"5";"BAO_0000357";"single protein format";"9";"9 - Direct single protein target assigned";"";"Scientific Literature";"9606";"";"";"";"";"CHEMBL4308836";"29847930";"10.1021/acs.jmedchem.8b00159";"2018";"J Med Chem";"61";"8981";"9003";"";"";"";"";"P48735";"R140Q"
"CHEMBL4708492";"B";"Inhibition of human IDH2 R140Q mutant expressed in TF-1 cells assessed as inhibition of 2-HG production at 10 uM incubated for 48 hrs by LC-MS/MS analysis";"Homo sapiens";"22";"22";"BAO_0000219";"cell-based format";"9";"9 - Direct single protein target assigned";"";"Scientific Literature";"9606";"";"";"TF-1";"";"CHEMBL4706511";"32679449";"10.1016/j.ejmech.2020.112491";"2020";"Eur J Med Chem";"203";"112491";"112491";"";"";"";"";"P48735";"R140Q"
"CHEMBL4309367";"B";"Inhibition of IDH2 R132Q mutant (unknown origin)";"Homo sapiens";"1";"1";"BAO_0000019";"assay format";"0";"0 - Default value - Target unknown or has yet to be assigned";"";"Scientific Literature";"9606";"";"";"";"";"CHEMBL4308836";"29847930";"10.1021/acs.jmedchem.8b00159";"2018";"J Med Chem";"61";"8981";"9003";"";"";"";"";"";""
"CHEMBL4303805";"F";"Antiviral activity determined as inhibition of SARS-CoV-2 induced cytotoxicity of Caco-2 cells at 10 uM after 48 hours by high content imaging";"Homo sapiens";"5616";"5632";"BAO_0000218";"organism-based format";"1";"1 - Target assigned is non-molecular";"";"SARS-CoV-2 Screening Data 2020-21";"9606";"";"";"Caco-2";"";"CHEMBL4303101";"None";"10.21203/rs.3.rs-23951/v1";"2020";"None";"None";"None";"None";"";"";"";"";"";""
"CHEMBL4708485";"B";"Inhibition of wild type IDH2 (unknown origin) assessed as reduction in NADPH production using sodium(D)-isocitrate and NADP as substrate preincubated with enzyme for 15 mins followed by substrate addition by fluorescence based assay";"Homo sapiens";"34";"34";"BAO_0000357";"single protein format";"9";"9 - Direct single protein target assigned";"";"Scientific Literature";"9606";"";"";"";"";"CHEMBL4706511";"32679449";"10.1016/j.ejmech.2020.112491";"2020";"Eur J Med Chem";"203";"112491";"112491";"";"";"";"";"";""
"CHEMBL4338884";"A";"Ratio of drug level in brain to plasma in mouse at 50 mg/kg, po measured after 24 hrs";"Mus musculus";"5";"5";"BAO_0000218";"organism-based format";"0";"0 - Default value - Target unknown or has yet to be assigned";"";"Scientific Literature";"10090";"CHEMBL3833101";"Brain/Plasma";"";"";"CHEMBL4334545";"32071674";"10.1021/acsmedchemlett.9b00509";"2020";"ACS Med Chem Lett";"11";"101";"107";"";"";"";"";"";""
"CHEMBL4628663";"B";"Inhibition of wild type IDH1 (unknown origin)";"Homo sapiens";"7";"7";"BAO_0000357";"single protein format";"9";"9 - Direct single protein target assigned";"";"Scientific Literature";"9606";"";"";"";"";"CHEMBL4627324";"32143887";"10.1016/j.bmcl.2020.127070";"2020";"Bioorg Med Chem Lett";"30";"127070";"127070";"";"";"";"";"";""
"CHEMBL4651403";"F";"Antiviral activity determined as inhibition of SARS-CoV-2 induced cytotoxicity of VERO-6 cells at 10 uM after 48 hours exposure to 0.01 MOI SARS CoV-2 virus by high content imaging";"Chlorocebus sabaeus";"4309";"8710";"BAO_0000218";"organism-based format";"1";"1 - Target assigned is non-molecular";"";"IMI-CARE SARS-CoV-2 Data";"60711";"";"";"Vero C1008";"";"CHEMBL4651402";"None";"10.6019/CHEMBL4651402";"2021";"None";"None";"None";"None";"";"";"";"";"";""
"CHEMBL4628667";"B";"Inhibition of IDH2 R172K mutant (unknown origin)";"Homo sapiens";"7";"7";"BAO_0000357";"single protein format";"9";"9 - Direct single protein target assigned";"";"Scientific Literature";"9606";"";"";"";"";"CHEMBL4627324";"32143887";"10.1016/j.bmcl.2020.127070";"2020";"Bioorg Med Chem Lett";"30";"127070";"127070";"";"";"";"";"P48735";"R172K"
"CHEMBL4708488";"B";"Inhibition of human IDH2 R140Q mutant expressed in TF-1 cells assessed as inhibition of 2-HG production at 0.1 uM incubated for 48 hrs by LC-MS/MS analysis";"Homo sapiens";"22";"22";"BAO_0000219";"cell-based format";"9";"9 - Direct single protein target assigned";"";"Scientific Literature";"9606";"";"";"TF-1";"";"CHEMBL4706511";"32679449";"10.1016/j.ejmech.2020.112491";"2020";"Eur J Med Chem";"203";"112491";"112491";"";"";"";"";"P48735";"R140Q"
"CHEMBL4628665";"B";"Inhibition of IDH1 R132H mutant (unknown origin)";"Homo sapiens";"7";"7";"BAO_0000357";"single protein format";"9";"9 - Direct single protein target assigned";"";"Scientific Literature";"9606";"";"";"";"";"CHEMBL4627324";"32143887";"10.1016/j.bmcl.2020.127070";"2020";"Bioorg Med Chem Lett";"30";"127070";"127070";"";"";"";"";"O75874";"R132H"
"CHEMBL4303810";"F";"Antiviral activity against SARS-CoV-2 (USA-WA1/2020 strain) measured by imaging in HRCE cells at MOI 0.4 after 96 hrs (reported as hit score from 0-1 for on-disease vs off-disease activity: scores >0.6 considered hits)";"Homo sapiens";"1629";"1637";"BAO_0000218";"organism-based format";"1";"1 - Target assigned is non-molecular";"";"SARS-CoV-2 Screening Data 2020-21";"9606";"";"";"HRCE";"";"CHEMBL4303122";"None";"10.1101/2020.04.21.054387";"2020";"None";"None";"None";"None";"";"";"";"";"";""
"CHEMBL4513082";"F";"Antiviral activity determined as inhibition of SARS-CoV-2 induced cytotoxicity of VERO-6 cells at 10 uM after 48 hours exposure to 0.01 MOI SARS CoV-2 virus by high content imaging";"Chlorocebus sabaeus";"7218";"17404";"BAO_0000218";"organism-based format";"1";"1 - Target assigned is non-molecular";"";"SARS-CoV-2 Screening Data 2020-21";"60711";"";"";"Vero C1008";"";"CHEMBL4495565";"None";"10.6019/CHEMBL4495565";"2020";"None";"None";"None";"None";"";"";"";"";"";""
"CHEMBL4309372";"F";"In-vivo inhibition of IDH2 R140Q mutant in acute myeloid leukemia patient assessed as reduction in 2-HG levels during phase I clinical trial";"Homo sapiens";"1";"1";"BAO_0000218";"organism-based format";"1";"1 - Target assigned is non-molecular";"";"Scientific Literature";"9606";"";"";"";"";"CHEMBL4308836";"29847930";"10.1021/acs.jmedchem.8b00159";"2018";"J Med Chem";"61";"8981";"9003";"";"ANTINEOPLASTIC AND IMMUNOMODULATING AGENTS";"Leukemia Oncology Models";"General Leukemia";"";""
"CHEMBL4338880";"B";"Inhibition of full length C-terminal His8 tagged IDH1 R132H mutant (1 to 414 residues) (unknown origin) expressed in Escherichia coli BE3 cells/wild type IDH1 (unknown origin) heterodimer assessed as maximal reduction in NADPH consumption using alpha-ketoglutarate as substrate after 60 mins by Diaphorase/Resazurin dye based fluorescence assay relative to control";"Homo sapiens";"3";"3";"BAO_0000219";"cell-based format";"0";"0 - Default value - Target unknown or has yet to be assigned";"";"Scientific Literature";"9606";"";"";"";"";"CHEMBL4334545";"32071674";"10.1021/acsmedchemlett.9b00509";"2020";"ACS Med Chem Lett";"11";"101";"107";"";"";"";"";"";""
